,name,optim_lr
0,hypersearch-0-0,0.5927135154665102
1,hypersearch-0-1,0.3182095221287475
2,hypersearch-0-10,0.10262577466349156
3,hypersearch-0-11,0.5840264783629614
4,hypersearch-0-12,0.4188440360420133
5,hypersearch-0-13,0.08771987962484278
6,hypersearch-0-14,0.19907265299512333
7,hypersearch-0-15,0.34016481897254996
8,hypersearch-0-16,0.6071437868358348
9,hypersearch-0-17,0.41914005603174614
10,hypersearch-0-18,0.3998644375368836
11,hypersearch-0-19,0.404570536593636
12,hypersearch-0-2,0.6111737615698166
13,hypersearch-0-20,0.33521982908047626
14,hypersearch-0-21,0.06806420047209971
15,hypersearch-0-22,0.04997410780790957
16,hypersearch-0-23,0.6801998887549181
17,hypersearch-0-24,0.08775152106104897
18,hypersearch-0-25,0.2398044244762127
19,hypersearch-0-26,0.2117918826190079
20,hypersearch-0-27,0.5697608502198236
21,hypersearch-0-28,0.41282417026968404
22,hypersearch-0-29,0.3334277225781481
23,hypersearch-0-3,0.050146375006910625
24,hypersearch-0-30,0.15202629458271377
25,hypersearch-0-31,0.23741918905456325
26,hypersearch-0-32,0.6230656595866628
27,hypersearch-0-33,0.05429813094835855
28,hypersearch-0-34,0.5818413080752041
29,hypersearch-0-35,0.650567157429737
30,hypersearch-0-36,0.6780076091263174
31,hypersearch-0-37,0.5019050728340444
32,hypersearch-0-38,0.30189212071714433
33,hypersearch-0-39,0.23483366637270542
34,hypersearch-0-4,0.3856844983290802
35,hypersearch-0-40,0.3765346343391063
36,hypersearch-0-41,0.41419779488315017
37,hypersearch-0-42,0.6116586651429281
38,hypersearch-0-43,0.11543937739858284
39,hypersearch-0-44,0.04708465372729834
40,hypersearch-0-45,0.3982052966666013
41,hypersearch-0-46,0.22358910864990975
42,hypersearch-0-47,0.022142504828559728
43,hypersearch-0-48,0.5535978833547816
44,hypersearch-0-49,0.44472233599365296
45,hypersearch-0-5,0.1910484870203938
46,hypersearch-0-6,0.4046503228268813
47,hypersearch-0-7,0.47928057546453845
48,hypersearch-0-8,0.45482057527559566
49,hypersearch-0-9,0.08218248676358557
50,hypersearch-1-0,0.48816861147091173
51,hypersearch-1-1,0.5086567490855628
52,hypersearch-1-10,0.31464510734755624
53,hypersearch-1-11,0.6485952415743577
54,hypersearch-1-12,0.553908456772452
55,hypersearch-1-13,0.1490325562513784
56,hypersearch-1-14,0.5027684007235262
57,hypersearch-1-15,0.2811894264843041
58,hypersearch-1-16,0.08016242033312647
59,hypersearch-1-17,0.3620592444183251
60,hypersearch-1-18,0.6607461610847001
61,hypersearch-1-19,0.29500527669123855
62,hypersearch-1-2,0.6422224733552255
63,hypersearch-1-20,0.3571857222919632
64,hypersearch-1-21,0.6890682860956933
65,hypersearch-1-22,0.28815841257145325
66,hypersearch-1-23,0.547488648487532
67,hypersearch-1-24,0.4204241447387872
68,hypersearch-1-25,0.4385507419436022
69,hypersearch-1-26,0.18205381966763845
70,hypersearch-1-27,0.5157223624863554
71,hypersearch-1-28,0.6168289623641108
72,hypersearch-1-29,0.1437211487719887
73,hypersearch-1-3,0.635354812924933
74,hypersearch-1-30,0.23206977593791114
75,hypersearch-1-31,0.429037042021965
76,hypersearch-1-32,0.012797039203293
77,hypersearch-1-33,0.6442916818939387
78,hypersearch-1-34,0.4357835499042146
79,hypersearch-1-35,0.10526655857731325
80,hypersearch-1-36,0.22776966795017772
81,hypersearch-1-37,0.2085994711926002
82,hypersearch-1-38,0.30504519017378084
83,hypersearch-1-39,0.37100427684083725
84,hypersearch-1-4,0.085203376895185
85,hypersearch-1-40,0.5935569196134697
86,hypersearch-1-41,0.2659981083928827
87,hypersearch-1-42,0.016135242343185738
88,hypersearch-1-43,0.3444116608169814
89,hypersearch-1-44,0.08977268568079462
90,hypersearch-1-45,0.3189205238449711
91,hypersearch-1-46,0.38593976655836126
92,hypersearch-1-47,0.5550798003662863
93,hypersearch-1-48,0.36243186802667154
94,hypersearch-1-49,0.05580585524729566
95,hypersearch-1-5,0.03164525003976143
96,hypersearch-1-6,0.5772115458160775
97,hypersearch-1-7,0.5750653385893133
98,hypersearch-1-8,0.19023927250996922
99,hypersearch-1-9,0.24270546656925043
100,hypersearch-10-0,0.45578565267950927
101,hypersearch-10-1,0.4672438309511835
102,hypersearch-10-10,0.6483936116369435
103,hypersearch-10-11,0.3866513307165711
104,hypersearch-10-12,0.3455076347996724
105,hypersearch-10-13,0.1305864523125884
106,hypersearch-10-14,0.1582604598603263
107,hypersearch-10-15,0.06340215436280514
108,hypersearch-10-16,0.6318248112568636
109,hypersearch-10-17,0.47025563910751944
110,hypersearch-10-18,0.47129205783783185
111,hypersearch-10-19,0.6792021207177281
112,hypersearch-10-2,0.2672405765246736
113,hypersearch-10-20,0.4947538857824744
114,hypersearch-10-21,0.06502591873350203
115,hypersearch-10-22,0.5265372909957333
116,hypersearch-10-23,0.5160201758543007
117,hypersearch-10-24,0.410718060210715
118,hypersearch-10-25,0.12195819732488494
119,hypersearch-10-26,0.3746036525874983
120,hypersearch-10-27,0.15117447650904714
121,hypersearch-10-28,0.18707656538673637
122,hypersearch-10-29,0.44124548503019306
123,hypersearch-10-3,0.25824762745779484
124,hypersearch-10-30,0.3732303633148904
125,hypersearch-10-31,0.24743496822271807
126,hypersearch-10-32,0.6345998511344828
127,hypersearch-10-33,0.5095571293446017
128,hypersearch-10-34,0.37096961319898036
129,hypersearch-10-35,0.6500099710283047
130,hypersearch-10-36,0.27482620398593205
131,hypersearch-10-37,0.24285327329255735
132,hypersearch-10-38,0.604202879869347
133,hypersearch-10-39,0.09555164907665328
134,hypersearch-10-4,0.28860484273935794
135,hypersearch-10-40,0.36948262844144114
136,hypersearch-10-41,0.17560646426797916
137,hypersearch-10-42,0.2771628344534389
138,hypersearch-10-43,0.4888936401155882
139,hypersearch-10-44,0.5712512271393382
140,hypersearch-10-45,0.28424708068609345
141,hypersearch-10-46,0.25691330719869976
142,hypersearch-10-47,0.4232372224761625
143,hypersearch-10-48,0.48017516008245237
144,hypersearch-10-49,0.03468517527572643
145,hypersearch-10-5,0.31209647339110713
146,hypersearch-10-6,0.6810085920178142
147,hypersearch-10-7,0.6794735314633312
148,hypersearch-10-8,0.40506038231068126
149,hypersearch-10-9,0.13858815856147674
150,hypersearch-11-0,0.5563791836826102
151,hypersearch-11-1,0.48870960994481516
152,hypersearch-11-10,0.5460925402858227
153,hypersearch-11-11,0.6614140086433261
154,hypersearch-11-12,0.11532129851895599
155,hypersearch-11-13,0.22878495425010717
156,hypersearch-11-14,0.32800669178293423
157,hypersearch-11-15,0.3590195624968905
158,hypersearch-11-16,0.3050207698430331
159,hypersearch-11-17,0.6342559930566474
160,hypersearch-11-18,0.3500588671607821
161,hypersearch-11-19,0.6002204791371436
162,hypersearch-11-2,0.11724873444427003
163,hypersearch-11-20,0.3045000231403951
164,hypersearch-11-21,0.3355174580122707
165,hypersearch-11-22,0.49698907183320085
166,hypersearch-11-23,0.5040683882732514
167,hypersearch-11-24,0.12757532569061392
168,hypersearch-11-25,0.562088057264071
169,hypersearch-11-26,0.2832324701010908
170,hypersearch-11-27,0.0712976939513183
171,hypersearch-11-28,0.0977716133816498
172,hypersearch-11-29,0.13014138969677877
173,hypersearch-11-3,0.6089806413013944
174,hypersearch-11-30,0.09611952509250135
175,hypersearch-11-31,0.5421893403549833
176,hypersearch-11-32,0.17994435961111557
177,hypersearch-11-33,0.25150731694490075
178,hypersearch-11-34,0.035342637867788865
179,hypersearch-11-35,0.0397887984854535
180,hypersearch-11-36,0.19193091732131234
181,hypersearch-11-37,0.2521207314229188
182,hypersearch-11-38,0.38857366522532405
183,hypersearch-11-39,0.26514517765541035
184,hypersearch-11-4,0.2909488613109936
185,hypersearch-11-40,0.5894884575992324
186,hypersearch-11-41,0.31178235330597565
187,hypersearch-11-42,0.5524350196843546
188,hypersearch-11-43,0.5945487707914746
189,hypersearch-11-44,0.4396411179289398
190,hypersearch-11-45,0.5842295315053904
191,hypersearch-11-46,0.1786966729234473
192,hypersearch-11-47,0.16993354034952146
193,hypersearch-11-48,0.1898801893753895
194,hypersearch-11-49,0.6110617721581475
195,hypersearch-11-5,0.15071144930642602
196,hypersearch-11-6,0.6441102705369715
197,hypersearch-11-7,0.07259894178130169
198,hypersearch-11-8,0.2389890497200413
199,hypersearch-11-9,0.472104125792814
200,hypersearch-12-0,0.5358506519145954
201,hypersearch-12-1,0.2162079048827683
202,hypersearch-12-10,0.04236009045146093
203,hypersearch-12-11,0.016193790676675368
204,hypersearch-12-12,0.49593228940575224
205,hypersearch-12-13,0.20245020281515122
206,hypersearch-12-14,0.11638839560196286
207,hypersearch-12-15,0.5123172039652066
208,hypersearch-12-16,0.1281960957506578
209,hypersearch-12-17,0.08706485968100314
210,hypersearch-12-18,0.06158644658157634
211,hypersearch-12-19,0.10585820652217014
212,hypersearch-12-2,0.1028347132888001
213,hypersearch-12-20,0.0819853668281394
214,hypersearch-12-21,0.1344826820576527
215,hypersearch-12-22,0.6205593494180487
216,hypersearch-12-23,0.2657460694315448
217,hypersearch-12-24,0.5952778995083056
218,hypersearch-12-25,0.4159187423690802
219,hypersearch-12-26,0.3929831509546441
220,hypersearch-12-27,0.5236639669139717
221,hypersearch-12-28,0.015235522869105456
222,hypersearch-12-29,0.05804627518703331
223,hypersearch-12-3,0.5842076652998334
224,hypersearch-12-30,0.31267610649510486
225,hypersearch-12-31,0.09532897855162757
226,hypersearch-12-32,0.6320788579549967
227,hypersearch-12-33,0.1869467450343844
228,hypersearch-12-34,0.67359416543377
229,hypersearch-12-35,0.4648095886115104
230,hypersearch-12-36,0.024254318525246496
231,hypersearch-12-37,0.46457955874698526
232,hypersearch-12-38,0.1207213883257076
233,hypersearch-12-39,0.083119849757459
234,hypersearch-12-4,0.5239410296102177
235,hypersearch-12-40,0.4164958612456261
236,hypersearch-12-41,0.60836116658864
237,hypersearch-12-42,0.5342533556822476
238,hypersearch-12-43,0.5057381968386194
239,hypersearch-12-44,0.649097423553257
240,hypersearch-12-45,0.42422455216326255
241,hypersearch-12-46,0.4874133112758777
242,hypersearch-12-47,0.6826076520930007
243,hypersearch-12-48,0.6941292501410143
244,hypersearch-12-49,0.10657831718567493
245,hypersearch-12-5,0.34532561949746315
246,hypersearch-12-6,0.6247603107921598
247,hypersearch-12-7,0.5137427887025776
248,hypersearch-12-8,0.47569591520859156
249,hypersearch-12-9,0.5249208002005392
250,hypersearch-13-0,0.18640856253135174
251,hypersearch-13-1,0.5980512174376053
252,hypersearch-13-10,0.20245266640424106
253,hypersearch-13-11,0.4376739521548603
254,hypersearch-13-12,0.535201510647253
255,hypersearch-13-13,0.594171501471892
256,hypersearch-13-14,0.5690018938445799
257,hypersearch-13-15,0.5245986399327797
258,hypersearch-13-16,0.671054228968184
259,hypersearch-13-17,0.2948321192727631
260,hypersearch-13-18,0.32570873068621414
261,hypersearch-13-19,0.533903652145437
262,hypersearch-13-2,0.03456470360825011
263,hypersearch-13-20,0.3291192283772556
264,hypersearch-13-21,0.14906150308726987
265,hypersearch-13-22,0.3115470148758406
266,hypersearch-13-23,0.32815509663433606
267,hypersearch-13-24,0.1832526559441014
268,hypersearch-13-25,0.26251920875307605
269,hypersearch-13-26,0.3077092956947689
270,hypersearch-13-27,0.527000609499621
271,hypersearch-13-28,0.05810686515749282
272,hypersearch-13-29,0.4046941930806249
273,hypersearch-13-3,0.3213568704873162
274,hypersearch-13-30,0.027293400755006386
275,hypersearch-13-31,0.14163526320638395
276,hypersearch-13-32,0.3456497673504272
277,hypersearch-13-33,0.6760958764930728
278,hypersearch-13-34,0.027890246931234625
279,hypersearch-13-35,0.34332407129733755
280,hypersearch-13-36,0.3394911788301887
281,hypersearch-13-37,0.06228615676491222
282,hypersearch-13-38,0.3289995374237276
283,hypersearch-13-39,0.1076371796084459
284,hypersearch-13-4,0.40529947117977877
285,hypersearch-13-40,0.43373062626503
286,hypersearch-13-41,0.276594505574844
287,hypersearch-13-42,0.5926135844591448
288,hypersearch-13-43,0.32380188816767247
289,hypersearch-13-44,0.5435771334900207
290,hypersearch-13-45,0.08818929921122394
291,hypersearch-13-46,0.2338402085461262
292,hypersearch-13-47,0.24488214635499314
293,hypersearch-13-48,0.37117902601716063
294,hypersearch-13-49,0.4081198025851118
295,hypersearch-13-5,0.6663608209033194
296,hypersearch-13-6,0.3776167693033317
297,hypersearch-13-7,0.5793860976318369
298,hypersearch-13-8,0.3329059995259378
299,hypersearch-13-9,0.5054652966628929
300,hypersearch-14-0,0.3671913113498307
301,hypersearch-14-1,0.5185523309893575
302,hypersearch-14-10,0.38780064818392646
303,hypersearch-14-11,0.6426305118290396
304,hypersearch-14-12,0.22404626576623735
305,hypersearch-14-13,0.3511155790694037
306,hypersearch-14-14,0.4939684902967674
307,hypersearch-14-15,0.19746815691347822
308,hypersearch-14-16,0.6690415396427288
309,hypersearch-14-17,0.15128477965571688
310,hypersearch-14-18,0.3127291424994105
311,hypersearch-14-19,0.20313520257918838
312,hypersearch-14-2,0.4129541973310541
313,hypersearch-14-20,0.027846291234628652
314,hypersearch-14-21,0.4986199940161862
315,hypersearch-14-22,0.5081003116625885
316,hypersearch-14-23,0.39140228797147864
317,hypersearch-14-24,0.38220024687169774
318,hypersearch-14-25,0.18647332026839505
319,hypersearch-14-26,0.3780100599838009
320,hypersearch-14-27,0.10246246391433633
321,hypersearch-14-28,0.22936176444198703
322,hypersearch-14-29,0.4509567416643142
323,hypersearch-14-3,0.25723868628416646
324,hypersearch-14-30,0.019757370792307438
325,hypersearch-14-31,0.41648627179182024
326,hypersearch-14-32,0.34720447997831455
327,hypersearch-14-33,0.27182989622687587
328,hypersearch-14-34,0.4633008487575466
329,hypersearch-14-35,0.43893091250355526
330,hypersearch-14-36,0.13297220480178026
331,hypersearch-14-37,0.17305829493663502
332,hypersearch-14-38,0.12100332974501232
333,hypersearch-14-39,0.22091697385186396
334,hypersearch-14-4,0.22516396281472778
335,hypersearch-14-40,0.4661015758456438
336,hypersearch-14-41,0.19503560155474564
337,hypersearch-14-42,0.40753234990106696
338,hypersearch-14-43,0.29453024892770086
339,hypersearch-14-44,0.03404698348082576
340,hypersearch-14-45,0.6355808534717003
341,hypersearch-14-46,0.5566397020960349
342,hypersearch-14-47,0.6385712673895997
343,hypersearch-14-48,0.4824217315108097
344,hypersearch-14-49,0.08830642719906963
345,hypersearch-14-5,0.1624428692093899
346,hypersearch-14-6,0.459344724406704
347,hypersearch-14-7,0.5742448328909513
348,hypersearch-14-8,0.5397298029751809
349,hypersearch-14-9,0.160432289937063
350,hypersearch-15-0,0.4547867418702308
351,hypersearch-15-1,0.06790623913384077
352,hypersearch-15-10,0.6787251887472697
353,hypersearch-15-11,0.4710907403035797
354,hypersearch-15-12,0.6627886669074998
355,hypersearch-15-13,0.49259306314010254
356,hypersearch-15-14,0.0863440183683263
357,hypersearch-15-15,0.2880620597995572
358,hypersearch-15-16,0.09295098696077551
359,hypersearch-15-17,0.5637531307905106
360,hypersearch-15-18,0.1567696091255602
361,hypersearch-15-19,0.13984485237174396
362,hypersearch-15-2,0.4621214549745057
363,hypersearch-15-20,0.17742435724732827
364,hypersearch-15-21,0.4986851019622909
365,hypersearch-15-22,0.6397409431621458
366,hypersearch-15-23,0.5155533072461446
367,hypersearch-15-24,0.47937427845655717
368,hypersearch-15-25,0.352137815304672
369,hypersearch-15-26,0.5322330176042767
370,hypersearch-15-27,0.09545238753617256
371,hypersearch-15-28,0.16405452164162984
372,hypersearch-15-29,0.20024221314927018
373,hypersearch-15-3,0.4767060943116764
374,hypersearch-15-30,0.10152602676731685
375,hypersearch-15-31,0.17154329839731308
376,hypersearch-15-32,0.6688374045555217
377,hypersearch-15-33,0.48038034563326376
378,hypersearch-15-34,0.13519783260210552
379,hypersearch-15-35,0.5664390680954583
380,hypersearch-15-36,0.474618297104695
381,hypersearch-15-37,0.2977712429192377
382,hypersearch-15-38,0.23717878242085852
383,hypersearch-15-39,0.22364434412880893
384,hypersearch-15-4,0.05358874902755691
385,hypersearch-15-40,0.0954246490266622
386,hypersearch-15-41,0.041542695892707225
387,hypersearch-15-42,0.32487669866693036
388,hypersearch-15-43,0.28005380784415546
389,hypersearch-15-44,0.15881760746834125
390,hypersearch-15-45,0.03965058356640366
391,hypersearch-15-46,0.3856917041412026
392,hypersearch-15-47,0.06924735996550822
393,hypersearch-15-48,0.6997975043998215
394,hypersearch-15-49,0.13812955991258175
395,hypersearch-15-5,0.2403086477310584
396,hypersearch-15-6,0.22379512614156977
397,hypersearch-15-7,0.5048631434734596
398,hypersearch-15-8,0.22289148537324055
399,hypersearch-15-9,0.12047352895281221
400,hypersearch-16-0,0.3109009953897319
401,hypersearch-16-1,0.5626368087100136
402,hypersearch-16-10,0.6399275818966237
403,hypersearch-16-11,0.2022094866576549
404,hypersearch-16-12,0.14563180738832945
405,hypersearch-16-13,0.6624012938501661
406,hypersearch-16-14,0.03843678295318749
407,hypersearch-16-15,0.6371759697979825
408,hypersearch-16-16,0.3181486553871326
409,hypersearch-16-17,0.023768851559769662
410,hypersearch-16-18,0.2974051571784198
411,hypersearch-16-19,0.6702276581312593
412,hypersearch-16-2,0.08296225205902781
413,hypersearch-16-20,0.5924366900126404
414,hypersearch-16-21,0.014758390378066791
415,hypersearch-16-22,0.6547505330059172
416,hypersearch-16-23,0.6647716400507206
417,hypersearch-16-24,0.12131509751809805
418,hypersearch-16-25,0.5134829156703697
419,hypersearch-16-26,0.2984798787694394
420,hypersearch-16-27,0.5850353967031141
421,hypersearch-16-28,0.036316439743344885
422,hypersearch-16-29,0.2650228426227667
423,hypersearch-16-3,0.29545036129607294
424,hypersearch-16-30,0.2243118477351593
425,hypersearch-16-31,0.352643315465732
426,hypersearch-16-32,0.3028238003493955
427,hypersearch-16-33,0.07959445820339674
428,hypersearch-16-34,0.3886242635476166
429,hypersearch-16-35,0.44737061200555667
430,hypersearch-16-36,0.27193293846684263
431,hypersearch-16-37,0.0328645130114329
432,hypersearch-16-38,0.3585999172259584
433,hypersearch-16-39,0.2295794304272486
434,hypersearch-16-4,0.4704011747243659
435,hypersearch-16-40,0.08267641397648116
436,hypersearch-16-41,0.43845264587612465
437,hypersearch-16-42,0.5243968594512346
438,hypersearch-16-43,0.6804073613685916
439,hypersearch-16-44,0.195554334139775
440,hypersearch-16-45,0.5742654163174175
441,hypersearch-16-46,0.2641200512326593
442,hypersearch-16-47,0.5700876720035267
443,hypersearch-16-48,0.02530772054556417
444,hypersearch-16-49,0.11978447109512445
445,hypersearch-16-5,0.19622219727110632
446,hypersearch-16-6,0.49425141116470156
447,hypersearch-16-7,0.21921193229688052
448,hypersearch-16-8,0.6990012121619953
449,hypersearch-16-9,0.33954274250089567
450,hypersearch-17-0,0.42537297618946046
451,hypersearch-17-1,0.4768131951009086
452,hypersearch-17-10,0.2746016537946846
453,hypersearch-17-11,0.12231469466793493
454,hypersearch-17-12,0.3369014022835233
455,hypersearch-17-13,0.11248807947276122
456,hypersearch-17-14,0.20283328229735964
457,hypersearch-17-15,0.5279958092404864
458,hypersearch-17-16,0.5441076102602366
459,hypersearch-17-17,0.017252999215763856
460,hypersearch-17-18,0.38769759868574877
461,hypersearch-17-19,0.5540363282462586
462,hypersearch-17-2,0.16691236934101283
463,hypersearch-17-20,0.374540438409459
464,hypersearch-17-21,0.16371668682423118
465,hypersearch-17-22,0.3613888321318392
466,hypersearch-17-23,0.43702270329359605
467,hypersearch-17-24,0.6795157541590818
468,hypersearch-17-25,0.11130955032943647
469,hypersearch-17-26,0.19482581835638155
470,hypersearch-17-27,0.2591746023432617
471,hypersearch-17-28,0.07021800461192927
472,hypersearch-17-29,0.558399489993704
473,hypersearch-17-3,0.6181025682694675
474,hypersearch-17-30,0.5027854049886545
475,hypersearch-17-31,0.3012615413493355
476,hypersearch-17-32,0.6236928720570157
477,hypersearch-17-33,0.3367467323981833
478,hypersearch-17-34,0.6917560121945389
479,hypersearch-17-35,0.02910419931981527
480,hypersearch-17-36,0.3760118406697487
481,hypersearch-17-37,0.5552899688128422
482,hypersearch-17-38,0.12049548728377996
483,hypersearch-17-39,0.6464842391308095
484,hypersearch-17-4,0.5209402272809348
485,hypersearch-17-40,0.2623698908798258
486,hypersearch-17-41,0.6017876583244651
487,hypersearch-17-42,0.4502088040611431
488,hypersearch-17-43,0.5346621126769204
489,hypersearch-17-44,0.3722064206869036
490,hypersearch-17-45,0.4481839017088813
491,hypersearch-17-46,0.5410851137707278
492,hypersearch-17-47,0.19895652381726162
493,hypersearch-17-48,0.5541026087521339
494,hypersearch-17-49,0.6891889287820399
495,hypersearch-17-5,0.36533174433507426
496,hypersearch-17-6,0.5745357178966723
497,hypersearch-17-7,0.4262829573730865
498,hypersearch-17-8,0.5544532456933707
499,hypersearch-17-9,0.38747885685866457
500,hypersearch-18-0,0.15942516877756896
501,hypersearch-18-1,0.29014983714930415
502,hypersearch-18-10,0.49020111809477807
503,hypersearch-18-11,0.4538131194388972
504,hypersearch-18-12,0.5278477117549953
505,hypersearch-18-13,0.11392569205168615
506,hypersearch-18-14,0.05313566215462601
507,hypersearch-18-15,0.18603494629392764
508,hypersearch-18-16,0.5761523180092359
509,hypersearch-18-17,0.022039532334098104
510,hypersearch-18-18,0.22389258751663946
511,hypersearch-18-19,0.43320308130193125
512,hypersearch-18-2,0.4370342465133519
513,hypersearch-18-20,0.38752224153474013
514,hypersearch-18-21,0.3739441904164105
515,hypersearch-18-22,0.26519716229377555
516,hypersearch-18-23,0.5708687697878951
517,hypersearch-18-24,0.6558942251715322
518,hypersearch-18-25,0.5851797893300343
519,hypersearch-18-26,0.5879215922848431
520,hypersearch-18-27,0.179763396473021
521,hypersearch-18-28,0.5471919925859929
522,hypersearch-18-29,0.5934426302378676
523,hypersearch-18-3,0.21437926221028328
524,hypersearch-18-30,0.2078311080838349
525,hypersearch-18-31,0.245609455371437
526,hypersearch-18-32,0.6564070594467498
527,hypersearch-18-33,0.5144431504166511
528,hypersearch-18-34,0.06482356343342136
529,hypersearch-18-35,0.10205204551331193
530,hypersearch-18-36,0.6970127833970988
531,hypersearch-18-37,0.6001583952228262
532,hypersearch-18-38,0.5083686238380308
533,hypersearch-18-39,0.4131128462810202
534,hypersearch-18-4,0.4973177411764139
535,hypersearch-18-40,0.42601150328668863
536,hypersearch-18-41,0.13163570963656862
537,hypersearch-18-42,0.5190809139542879
538,hypersearch-18-43,0.5139474150562016
539,hypersearch-18-44,0.09640920945873613
540,hypersearch-18-45,0.4623231912368604
541,hypersearch-18-46,0.6360646090168051
542,hypersearch-18-47,0.20873589904440884
543,hypersearch-18-48,0.3839588309629466
544,hypersearch-18-49,0.46186140798072123
545,hypersearch-18-5,0.4733098787100472
546,hypersearch-18-6,0.581969288603649
547,hypersearch-18-7,0.42447314338875825
548,hypersearch-18-8,0.4486562843312709
549,hypersearch-18-9,0.30753929448105577
550,hypersearch-19-0,0.04307278632999778
551,hypersearch-19-1,0.494485784917608
552,hypersearch-19-10,0.09005186363584557
553,hypersearch-19-11,0.3506477092224
554,hypersearch-19-12,0.2938905139327205
555,hypersearch-19-13,0.21823264534437103
556,hypersearch-19-14,0.6627400250821704
557,hypersearch-19-15,0.1498485142321065
558,hypersearch-19-16,0.15716949070686945
559,hypersearch-19-17,0.5491302444689964
560,hypersearch-19-18,0.058954989474941454
561,hypersearch-19-19,0.09893959532606958
562,hypersearch-19-2,0.4988862938451343
563,hypersearch-19-20,0.5981453566900548
564,hypersearch-19-21,0.5840649837572631
565,hypersearch-19-22,0.3130374259310423
566,hypersearch-19-23,0.45995979423196426
567,hypersearch-19-24,0.058174133362008024
568,hypersearch-19-25,0.1984875735886506
569,hypersearch-19-26,0.349106379871066
570,hypersearch-19-27,0.2706123154018374
571,hypersearch-19-28,0.586985950132236
572,hypersearch-19-29,0.1094890965028095
573,hypersearch-19-3,0.27919776238795113
574,hypersearch-19-30,0.6319095247137686
575,hypersearch-19-31,0.30077829670206013
576,hypersearch-19-32,0.29921505663809767
577,hypersearch-19-33,0.21866804480754426
578,hypersearch-19-34,0.07161801014783593
579,hypersearch-19-35,0.44449864102877
580,hypersearch-19-36,0.557350207374195
581,hypersearch-19-37,0.40994536077210547
582,hypersearch-19-38,0.6811166567962903
583,hypersearch-19-39,0.12936124289366505
584,hypersearch-19-4,0.34777156593879144
585,hypersearch-19-40,0.20838596951557956
586,hypersearch-19-41,0.17833754511889877
587,hypersearch-19-42,0.04198661363096037
588,hypersearch-19-43,0.5104699810291293
589,hypersearch-19-44,0.43358305966722066
590,hypersearch-19-45,0.21732949718525904
591,hypersearch-19-46,0.49626019352673956
592,hypersearch-19-47,0.26346706046221424
593,hypersearch-19-48,0.18429094878978705
594,hypersearch-19-49,0.12365569587053775
595,hypersearch-19-5,0.030299645627270305
596,hypersearch-19-6,0.2125609021730833
597,hypersearch-19-7,0.6139557166959505
598,hypersearch-19-8,0.24217347975963638
599,hypersearch-19-9,0.3480127612059056
600,hypersearch-2-0,0.10595303379114861
601,hypersearch-2-1,0.48443058002920336
602,hypersearch-2-10,0.24304889450923792
603,hypersearch-2-11,0.27819597287122344
604,hypersearch-2-12,0.1590964344721137
605,hypersearch-2-13,0.16689904768812122
606,hypersearch-2-14,0.11949557037435493
607,hypersearch-2-15,0.3044595340372697
608,hypersearch-2-16,0.45030399267833976
609,hypersearch-2-17,0.02679484163883318
610,hypersearch-2-18,0.44655991274441376
611,hypersearch-2-19,0.1333399633762842
612,hypersearch-2-2,0.3457075837405394
613,hypersearch-2-20,0.3848291831259129
614,hypersearch-2-21,0.3985378885532822
615,hypersearch-2-22,0.673220800341153
616,hypersearch-2-23,0.6437464605799881
617,hypersearch-2-24,0.6614683742932547
618,hypersearch-2-25,0.08247200237494723
619,hypersearch-2-26,0.5126780343047197
620,hypersearch-2-27,0.0827783088102634
621,hypersearch-2-28,0.5463870858831679
622,hypersearch-2-29,0.15463640843664844
623,hypersearch-2-3,0.33492431254747046
624,hypersearch-2-30,0.6057743450097182
625,hypersearch-2-31,0.17484552909558038
626,hypersearch-2-32,0.18484914472914754
627,hypersearch-2-33,0.3482792911674283
628,hypersearch-2-34,0.37871197691003006
629,hypersearch-2-35,0.39447429319369914
630,hypersearch-2-36,0.08280189976945707
631,hypersearch-2-37,0.2703178226732535
632,hypersearch-2-38,0.12463166506729896
633,hypersearch-2-39,0.1348436865419926
634,hypersearch-2-4,0.498159289695721
635,hypersearch-2-40,0.4556993027953921
636,hypersearch-2-41,0.2829249119282897
637,hypersearch-2-42,0.4554578114481222
638,hypersearch-2-43,0.6198385634553996
639,hypersearch-2-44,0.2625009879567487
640,hypersearch-2-45,0.6367906964108448
641,hypersearch-2-46,0.2955499874668135
642,hypersearch-2-47,0.20814497555761063
643,hypersearch-2-48,0.14088497561238952
644,hypersearch-2-49,0.6983233742345631
645,hypersearch-2-5,0.29024672532941037
646,hypersearch-2-6,0.09522252659114684
647,hypersearch-2-7,0.6241879606867656
648,hypersearch-2-8,0.25735121910893727
649,hypersearch-2-9,0.5245326975122448
650,hypersearch-20-0,0.21115843613849347
651,hypersearch-20-1,0.6624193791922827
652,hypersearch-20-10,0.634919701680312
653,hypersearch-20-11,0.018133450395739707
654,hypersearch-20-12,0.4597379741570887
655,hypersearch-20-13,0.6071703826723731
656,hypersearch-20-14,0.6365136613801784
657,hypersearch-20-15,0.4553487240046899
658,hypersearch-20-16,0.6016450167908507
659,hypersearch-20-17,0.6889948134836371
660,hypersearch-20-18,0.09976123820361656
661,hypersearch-20-19,0.6451724008952361
662,hypersearch-20-2,0.4939828332376898
663,hypersearch-20-20,0.2985857693231581
664,hypersearch-20-21,0.57183791258112
665,hypersearch-20-22,0.5888568222519146
666,hypersearch-20-23,0.6990986185136051
667,hypersearch-20-24,0.6661629715022425
668,hypersearch-20-25,0.22255212480606354
669,hypersearch-20-26,0.08260395782217857
670,hypersearch-20-27,0.1383091556873951
671,hypersearch-20-28,0.5373942307109832
672,hypersearch-20-29,0.11363669088814717
673,hypersearch-20-3,0.3653267362464993
674,hypersearch-20-30,0.3673648452049749
675,hypersearch-20-31,0.12809821451237005
676,hypersearch-20-32,0.6309609034062024
677,hypersearch-20-33,0.3338281884264365
678,hypersearch-20-34,0.03893021099494938
679,hypersearch-20-35,0.42568800171914073
680,hypersearch-20-36,0.11048155361325908
681,hypersearch-20-37,0.1968759521659485
682,hypersearch-20-38,0.5703681854608916
683,hypersearch-20-39,0.13070069189440822
684,hypersearch-20-4,0.26047315876034577
685,hypersearch-20-40,0.12479473195695913
686,hypersearch-20-41,0.5202307466514018
687,hypersearch-20-42,0.16073210707102775
688,hypersearch-20-43,0.6128297135218993
689,hypersearch-20-44,0.04773552969008051
690,hypersearch-20-45,0.13045378591950527
691,hypersearch-20-46,0.529441230579209
692,hypersearch-20-47,0.4139869948031218
693,hypersearch-20-48,0.44200954568449485
694,hypersearch-20-49,0.2683378952949272
695,hypersearch-20-5,0.30956872968818655
696,hypersearch-20-6,0.4485765206268349
697,hypersearch-20-7,0.22272700287060623
698,hypersearch-20-8,0.6053952323950841
699,hypersearch-20-9,0.1872658783669339
700,hypersearch-21-0,0.6181565344091037
701,hypersearch-21-1,0.37036570804975644
702,hypersearch-21-10,0.4168452316325887
703,hypersearch-21-11,0.18648878365660043
704,hypersearch-21-12,0.358218008532597
705,hypersearch-21-13,0.4398190904846294
706,hypersearch-21-14,0.13538505199605474
707,hypersearch-21-15,0.455307689970602
708,hypersearch-21-16,0.3272716954856269
709,hypersearch-21-17,0.5039160057235998
710,hypersearch-21-18,0.49084183560779815
711,hypersearch-21-19,0.6386206821035958
712,hypersearch-21-2,0.41799620120287667
713,hypersearch-21-20,0.5060239878617385
714,hypersearch-21-21,0.6509785221239173
715,hypersearch-21-22,0.4808923287355155
716,hypersearch-21-23,0.34531968782219524
717,hypersearch-21-24,0.28929954041750705
718,hypersearch-21-25,0.04204094454307177
719,hypersearch-21-26,0.4099290297089238
720,hypersearch-21-27,0.3426288704159558
721,hypersearch-21-28,0.07999667555378658
722,hypersearch-21-29,0.22088989362820094
723,hypersearch-21-3,0.42520028385285424
724,hypersearch-21-30,0.14433396720379027
725,hypersearch-21-31,0.1871537127001324
726,hypersearch-21-32,0.5591091482475891
727,hypersearch-21-33,0.2565038307389252
728,hypersearch-21-34,0.43157755441085904
729,hypersearch-21-35,0.30940586708491147
730,hypersearch-21-36,0.1412185402362798
731,hypersearch-21-37,0.17136653532593457
732,hypersearch-21-38,0.5693537418506943
733,hypersearch-21-39,0.5220966867679148
734,hypersearch-21-4,0.2331068529949714
735,hypersearch-21-40,0.02103650259374746
736,hypersearch-21-41,0.12955227842179487
737,hypersearch-21-42,0.1937617379144748
738,hypersearch-21-43,0.10822367111697781
739,hypersearch-21-44,0.3838092254822523
740,hypersearch-21-45,0.05060340221607287
741,hypersearch-21-46,0.6534533299821704
742,hypersearch-21-47,0.34237832618319036
743,hypersearch-21-48,0.11943856910568301
744,hypersearch-21-49,0.025100976610619125
745,hypersearch-21-5,0.3249747284843565
746,hypersearch-21-6,0.5912359606059819
747,hypersearch-21-7,0.5326659922030528
748,hypersearch-21-8,0.5669567333951596
749,hypersearch-21-9,0.0678874402865932
750,hypersearch-22-0,0.09747732575892659
751,hypersearch-22-1,0.297685321822684
752,hypersearch-22-10,0.6508130010877614
753,hypersearch-22-11,0.47142318995305454
754,hypersearch-22-12,0.1745205098180166
755,hypersearch-22-13,0.10447064801708761
756,hypersearch-22-14,0.6464028363426653
757,hypersearch-22-15,0.323902713628371
758,hypersearch-22-16,0.13690147096268082
759,hypersearch-22-17,0.23342621921765577
760,hypersearch-22-18,0.21533642909488224
761,hypersearch-22-19,0.5885835509709657
762,hypersearch-22-2,0.07053127739037493
763,hypersearch-22-20,0.4546504207367109
764,hypersearch-22-21,0.134064210496117
765,hypersearch-22-22,0.2962337929043781
766,hypersearch-22-23,0.41475428974853956
767,hypersearch-22-24,0.4825386258260072
768,hypersearch-22-25,0.12126156612758901
769,hypersearch-22-26,0.3805644303618612
770,hypersearch-22-27,0.5610383850848373
771,hypersearch-22-28,0.28241295637036823
772,hypersearch-22-29,0.6973563569338509
773,hypersearch-22-3,0.4926013388434803
774,hypersearch-22-30,0.06741650800545712
775,hypersearch-22-31,0.6297694171668238
776,hypersearch-22-32,0.5217298527384507
777,hypersearch-22-33,0.6846438372503962
778,hypersearch-22-34,0.1547226644028178
779,hypersearch-22-35,0.4510717869978508
780,hypersearch-22-36,0.35536900547060435
781,hypersearch-22-37,0.6632041384669245
782,hypersearch-22-38,0.4904660020986181
783,hypersearch-22-39,0.05624341432519781
784,hypersearch-22-4,0.1916172263414825
785,hypersearch-22-40,0.4409738934942638
786,hypersearch-22-41,0.36477117483309957
787,hypersearch-22-42,0.6237210791833906
788,hypersearch-22-43,0.21975404662280046
789,hypersearch-22-44,0.5774111073788927
790,hypersearch-22-45,0.5342917640621813
791,hypersearch-22-46,0.43104055972306415
792,hypersearch-22-47,0.2557238563483112
793,hypersearch-22-48,0.40710670882498706
794,hypersearch-22-49,0.5997921438778908
795,hypersearch-22-5,0.20863903047357468
796,hypersearch-22-6,0.04436687842395752
797,hypersearch-22-7,0.19510560689169665
798,hypersearch-22-8,0.42327951752419596
799,hypersearch-22-9,0.46743440930099484
800,hypersearch-23-0,0.27170328688787176
801,hypersearch-23-1,0.40884384464623014
802,hypersearch-23-10,0.41816247950592916
803,hypersearch-23-11,0.18410894114116916
804,hypersearch-23-12,0.6143063394396581
805,hypersearch-23-13,0.49056196502358673
806,hypersearch-23-14,0.041654794940796235
807,hypersearch-23-15,0.6703356539679016
808,hypersearch-23-16,0.5339381528599049
809,hypersearch-23-17,0.3293392886955498
810,hypersearch-23-18,0.24303003137844476
811,hypersearch-23-19,0.397039380104621
812,hypersearch-23-2,0.390589590451783
813,hypersearch-23-20,0.5552077608748693
814,hypersearch-23-21,0.6823324470038702
815,hypersearch-23-22,0.5076336325823297
816,hypersearch-23-23,0.09889704636676905
817,hypersearch-23-24,0.03605586164576409
818,hypersearch-23-25,0.6062980676751951
819,hypersearch-23-26,0.4452523510276107
820,hypersearch-23-27,0.47182048179483316
821,hypersearch-23-28,0.25552000615389975
822,hypersearch-23-29,0.21967194581890018
823,hypersearch-23-3,0.5066993749229174
824,hypersearch-23-30,0.44023489577184627
825,hypersearch-23-31,0.39410524232986033
826,hypersearch-23-32,0.36398333899044394
827,hypersearch-23-33,0.42259761797406986
828,hypersearch-23-34,0.3485270515241875
829,hypersearch-23-35,0.23356112944550392
830,hypersearch-23-36,0.0794748840191986
831,hypersearch-23-37,0.4702500923654639
832,hypersearch-23-38,0.11308258037530745
833,hypersearch-23-39,0.40118871631094244
834,hypersearch-23-4,0.6745210079108009
835,hypersearch-23-40,0.020106520703083566
836,hypersearch-23-41,0.5652888023628514
837,hypersearch-23-42,0.23112194857778795
838,hypersearch-23-43,0.09134896190314822
839,hypersearch-23-44,0.039292788888330765
840,hypersearch-23-45,0.36735970775401044
841,hypersearch-23-46,0.6252784110322952
842,hypersearch-23-47,0.5216697326167097
843,hypersearch-23-48,0.5883183371195083
844,hypersearch-23-49,0.414117671935314
845,hypersearch-23-5,0.6766162918951344
846,hypersearch-23-6,0.22174279113990197
847,hypersearch-23-7,0.41567745329182226
848,hypersearch-23-8,0.0992270512901487
849,hypersearch-23-9,0.13927658354524453
850,hypersearch-24-0,0.35320408226283984
851,hypersearch-24-1,0.4531564041065804
852,hypersearch-24-10,0.3617669702238563
853,hypersearch-24-11,0.36967739411868267
854,hypersearch-24-12,0.05264216086447377
855,hypersearch-24-13,0.631448858614665
856,hypersearch-24-14,0.0922062097855085
857,hypersearch-24-15,0.4772838300747717
858,hypersearch-24-16,0.11246817905515304
859,hypersearch-24-17,0.1255310840060444
860,hypersearch-24-18,0.6734042719239255
861,hypersearch-24-19,0.5483124396486408
862,hypersearch-24-2,0.5465212472548927
863,hypersearch-24-20,0.6008216380541869
864,hypersearch-24-21,0.28775968395858104
865,hypersearch-24-22,0.567168152232982
866,hypersearch-24-23,0.04227006007312102
867,hypersearch-24-24,0.6992710047023116
868,hypersearch-24-25,0.03938025371740835
869,hypersearch-24-26,0.11827170775897648
870,hypersearch-24-27,0.5822145055363418
871,hypersearch-24-28,0.6246471080456003
872,hypersearch-24-29,0.28282513344002685
873,hypersearch-24-3,0.17270098510469664
874,hypersearch-24-30,0.6051604093347778
875,hypersearch-24-31,0.4253139308491014
876,hypersearch-24-32,0.4728821831159632
877,hypersearch-24-33,0.22918852249408306
878,hypersearch-24-34,0.13797992927676533
879,hypersearch-24-35,0.6364612948569502
880,hypersearch-24-36,0.5905587920151582
881,hypersearch-24-37,0.21501216373739213
882,hypersearch-24-38,0.5843288743092031
883,hypersearch-24-39,0.6194335405983525
884,hypersearch-24-4,0.5357240985528405
885,hypersearch-24-40,0.5897620549778005
886,hypersearch-24-41,0.2987572217675603
887,hypersearch-24-42,0.679341500312713
888,hypersearch-24-43,0.13582859217904425
889,hypersearch-24-44,0.6167706326521515
890,hypersearch-24-45,0.34064214195656106
891,hypersearch-24-46,0.2366206564788071
892,hypersearch-24-47,0.6387398096224052
893,hypersearch-24-48,0.6186369739873877
894,hypersearch-24-49,0.42397191513336624
895,hypersearch-24-5,0.3360406781511393
896,hypersearch-24-6,0.26831166880105917
897,hypersearch-24-7,0.6330006846675685
898,hypersearch-24-8,0.6681471305367955
899,hypersearch-24-9,0.09955553891532053
900,hypersearch-25-0,0.4783864295742695
901,hypersearch-25-1,0.43610331005820857
902,hypersearch-25-10,0.6003548990686254
903,hypersearch-25-11,0.025511656430355682
904,hypersearch-25-12,0.08312989257925431
905,hypersearch-25-13,0.3846985864553027
906,hypersearch-25-14,0.2279360771994691
907,hypersearch-25-15,0.07915346435425055
908,hypersearch-25-16,0.021108026360622117
909,hypersearch-25-17,0.0668659422135052
910,hypersearch-25-18,0.5014241293268844
911,hypersearch-25-19,0.14292026127573698
912,hypersearch-25-2,0.1789375021615488
913,hypersearch-25-20,0.3238075915640252
914,hypersearch-25-21,0.5273965241840649
915,hypersearch-25-22,0.16291935221034692
916,hypersearch-25-23,0.15205391191069184
917,hypersearch-25-24,0.34822976607841705
918,hypersearch-25-25,0.021013525673960108
919,hypersearch-25-26,0.03515537480570049
920,hypersearch-25-27,0.34447613031160496
921,hypersearch-25-28,0.2493992254142648
922,hypersearch-25-29,0.6190842993663487
923,hypersearch-25-3,0.2565146504074572
924,hypersearch-25-30,0.12552762124977634
925,hypersearch-25-31,0.07853142489148367
926,hypersearch-25-32,0.4261391853449805
927,hypersearch-25-33,0.0784841385338731
928,hypersearch-25-34,0.1991401230974112
929,hypersearch-25-35,0.5458395246769292
930,hypersearch-25-36,0.298574002624114
931,hypersearch-25-37,0.30102344221124194
932,hypersearch-25-38,0.650479751932412
933,hypersearch-25-39,0.4725190514779594
934,hypersearch-25-4,0.07804449079695651
935,hypersearch-25-40,0.3884301625969844
936,hypersearch-25-41,0.26832004324906783
937,hypersearch-25-42,0.06652085572448875
938,hypersearch-25-43,0.5727977204374084
939,hypersearch-25-44,0.26724977817463025
940,hypersearch-25-45,0.03763281495396871
941,hypersearch-25-46,0.4799281627571187
942,hypersearch-25-47,0.28123422863503295
943,hypersearch-25-48,0.5316658480688107
944,hypersearch-25-49,0.12120382164212366
945,hypersearch-25-5,0.5725572709475406
946,hypersearch-25-6,0.464075134152343
947,hypersearch-25-7,0.30057710489709805
948,hypersearch-25-8,0.6815210529570045
949,hypersearch-25-9,0.5169229456434546
950,hypersearch-26-0,0.6726953149987215
951,hypersearch-26-1,0.20059770253551956
952,hypersearch-26-10,0.2625675437951614
953,hypersearch-26-11,0.6686693513698582
954,hypersearch-26-12,0.32557570792449186
955,hypersearch-26-13,0.670887112111123
956,hypersearch-26-14,0.5341049799156851
957,hypersearch-26-15,0.20998769957742677
958,hypersearch-26-16,0.6588686651890582
959,hypersearch-26-17,0.3871051513330035
960,hypersearch-26-18,0.5232101233751099
961,hypersearch-26-19,0.5726933913166619
962,hypersearch-26-2,0.4297234813520078
963,hypersearch-26-20,0.27787619839240457
964,hypersearch-26-21,0.5238234746526456
965,hypersearch-26-22,0.08469783680269255
966,hypersearch-26-23,0.280357314840178
967,hypersearch-26-24,0.019746989082302345
968,hypersearch-26-25,0.09950051677607206
969,hypersearch-26-26,0.36338401500708833
970,hypersearch-26-27,0.028468450225960486
971,hypersearch-26-28,0.3428122088615075
972,hypersearch-26-29,0.5844192592124388
973,hypersearch-26-3,0.385886522537016
974,hypersearch-26-30,0.10571401223882652
975,hypersearch-26-31,0.21570275691528154
976,hypersearch-26-32,0.6799811588083887
977,hypersearch-26-33,0.11155948069031689
978,hypersearch-26-34,0.5876834443573696
979,hypersearch-26-35,0.1308281296201568
980,hypersearch-26-36,0.597986192598006
981,hypersearch-26-37,0.45266428420466753
982,hypersearch-26-38,0.1815766481656343
983,hypersearch-26-39,0.6374542270593624
984,hypersearch-26-4,0.5175357960354421
985,hypersearch-26-40,0.29820875641209044
986,hypersearch-26-41,0.4116885105366321
987,hypersearch-26-42,0.04521391605125245
988,hypersearch-26-43,0.19367760871695908
989,hypersearch-26-44,0.41639168568657847
990,hypersearch-26-45,0.09066836311694529
991,hypersearch-26-46,0.44948595483229964
992,hypersearch-26-47,0.30021591024343564
993,hypersearch-26-48,0.18120989042080907
994,hypersearch-26-49,0.5624717154076465
995,hypersearch-26-5,0.5489825394699347
996,hypersearch-26-6,0.6695015457926851
997,hypersearch-26-7,0.5354315738133988
998,hypersearch-26-8,0.37304274942177434
999,hypersearch-26-9,0.4115401676268185
1000,hypersearch-27-0,0.12997537469873163
1001,hypersearch-27-1,0.09033691960106749
1002,hypersearch-27-10,0.14858688285689728
1003,hypersearch-27-11,0.5499526058009618
1004,hypersearch-27-12,0.6824406343504068
1005,hypersearch-27-13,0.23624566327302202
1006,hypersearch-27-14,0.5833218953869661
1007,hypersearch-27-15,0.6939105940127551
1008,hypersearch-27-16,0.05540956804555437
1009,hypersearch-27-17,0.31724004897971747
1010,hypersearch-27-18,0.16822744586820493
1011,hypersearch-27-19,0.18683521273144296
1012,hypersearch-27-2,0.4445189289931237
1013,hypersearch-27-20,0.11015503124875968
1014,hypersearch-27-21,0.36412137010018003
1015,hypersearch-27-22,0.6031361347761897
1016,hypersearch-27-23,0.49832668317468704
1017,hypersearch-27-24,0.46859602319369226
1018,hypersearch-27-25,0.13395733778708904
1019,hypersearch-27-26,0.34298197068843683
1020,hypersearch-27-27,0.37364371038824445
1021,hypersearch-27-28,0.12369433353258101
1022,hypersearch-27-29,0.06748279288835449
1023,hypersearch-27-3,0.6032609564281587
1024,hypersearch-27-30,0.49930328544953806
1025,hypersearch-27-31,0.6693026034078873
1026,hypersearch-27-32,0.3226760503090419
1027,hypersearch-27-33,0.6502742970105776
1028,hypersearch-27-34,0.6664629671246618
1029,hypersearch-27-35,0.5446773868812967
1030,hypersearch-27-36,0.4626233827421325
1031,hypersearch-27-37,0.5617502813827916
1032,hypersearch-27-38,0.4647222678551257
1033,hypersearch-27-39,0.075505139512266
1034,hypersearch-27-4,0.43766758799937755
1035,hypersearch-27-40,0.6265199462847834
1036,hypersearch-27-41,0.62772677881195
1037,hypersearch-27-42,0.43599799608219336
1038,hypersearch-27-43,0.26401783103343734
1039,hypersearch-27-44,0.5633585831762999
1040,hypersearch-27-45,0.2396482744638567
1041,hypersearch-27-46,0.48280812821773095
1042,hypersearch-27-47,0.32010004137760595
1043,hypersearch-27-48,0.12333160055123973
1044,hypersearch-27-49,0.4057586471649262
1045,hypersearch-27-5,0.28089102407330596
1046,hypersearch-27-6,0.15881879556957232
1047,hypersearch-27-7,0.42522460555416325
1048,hypersearch-27-8,0.042587723303870534
1049,hypersearch-27-9,0.20728516447907147
1050,hypersearch-28-0,0.2887959984974613
1051,hypersearch-28-1,0.38700272814590114
1052,hypersearch-28-10,0.060662022800185164
1053,hypersearch-28-11,0.5652905453233579
1054,hypersearch-28-12,0.48128103385392806
1055,hypersearch-28-13,0.679548382793306
1056,hypersearch-28-14,0.40837271548331916
1057,hypersearch-28-15,0.2779601797320289
1058,hypersearch-28-16,0.32777702813668835
1059,hypersearch-28-17,0.3839483931035527
1060,hypersearch-28-18,0.6355811118006943
1061,hypersearch-28-19,0.214671003791772
1062,hypersearch-28-2,0.5662507124844813
1063,hypersearch-28-20,0.26621648907799805
1064,hypersearch-28-21,0.2851544815717886
1065,hypersearch-28-22,0.03517481606073053
1066,hypersearch-28-23,0.5198041852818216
1067,hypersearch-28-24,0.6752935538305802
1068,hypersearch-28-25,0.3580006274993328
1069,hypersearch-28-26,0.33815960770686526
1070,hypersearch-28-27,0.332576162492407
1071,hypersearch-28-28,0.13525363767554885
1072,hypersearch-28-29,0.598211024177374
1073,hypersearch-28-3,0.23477303968188246
1074,hypersearch-28-30,0.14283783287697885
1075,hypersearch-28-31,0.1823009694243354
1076,hypersearch-28-32,0.4459963369609642
1077,hypersearch-28-33,0.34380329274919463
1078,hypersearch-28-34,0.12601992293071848
1079,hypersearch-28-35,0.5209901656212399
1080,hypersearch-28-36,0.5384386741860537
1081,hypersearch-28-37,0.13923505644987028
1082,hypersearch-28-38,0.3345216808798564
1083,hypersearch-28-39,0.1785705346934732
1084,hypersearch-28-4,0.07187665970763368
1085,hypersearch-28-40,0.34806546380502573
1086,hypersearch-28-41,0.3460343818002273
1087,hypersearch-28-42,0.6220561980517949
1088,hypersearch-28-43,0.30111839782934946
1089,hypersearch-28-44,0.6965963301955322
1090,hypersearch-28-45,0.08335145834774792
1091,hypersearch-28-46,0.17511898865503778
1092,hypersearch-28-47,0.578710404478653
1093,hypersearch-28-48,0.549045566413918
1094,hypersearch-28-49,0.6294369610790537
1095,hypersearch-28-5,0.03325013815201917
1096,hypersearch-28-6,0.03683663214492717
1097,hypersearch-28-7,0.14553087709864887
1098,hypersearch-28-8,0.28670953355236817
1099,hypersearch-28-9,0.4425722025941032
1100,hypersearch-29-0,0.3965609236728
1101,hypersearch-29-1,0.3227482261516596
1102,hypersearch-29-10,0.5017967345780112
1103,hypersearch-29-11,0.4413566949759217
1104,hypersearch-29-12,0.4307907918504834
1105,hypersearch-29-13,0.29813432841006754
1106,hypersearch-29-14,0.04642873965189564
1107,hypersearch-29-15,0.08827789237317273
1108,hypersearch-29-16,0.48451558186902965
1109,hypersearch-29-17,0.671649314219733
1110,hypersearch-29-18,0.11180571322009286
1111,hypersearch-29-19,0.2903255590342134
1112,hypersearch-29-2,0.2654269575375478
1113,hypersearch-29-20,0.41848168116090884
1114,hypersearch-29-21,0.5527294365589762
1115,hypersearch-29-22,0.6442885069572469
1116,hypersearch-29-23,0.29305156997174375
1117,hypersearch-29-24,0.2977919760989793
1118,hypersearch-29-25,0.11487719574266261
1119,hypersearch-29-26,0.5024273343593032
1120,hypersearch-29-27,0.6727658912977287
1121,hypersearch-29-28,0.5448467039986722
1122,hypersearch-29-29,0.38904106934400146
1123,hypersearch-29-3,0.6975639276961659
1124,hypersearch-29-30,0.5404495188032833
1125,hypersearch-29-31,0.4193965222631117
1126,hypersearch-29-32,0.6492100792307338
1127,hypersearch-29-33,0.19351842247769757
1128,hypersearch-29-34,0.06829762273527828
1129,hypersearch-29-35,0.4161529810953175
1130,hypersearch-29-36,0.5967147252529118
1131,hypersearch-29-37,0.3124912007345187
1132,hypersearch-29-38,0.456433290912035
1133,hypersearch-29-39,0.639327784508498
1134,hypersearch-29-4,0.416602028474262
1135,hypersearch-29-40,0.6467016624456678
1136,hypersearch-29-41,0.17147137516730382
1137,hypersearch-29-42,0.6938540605120936
1138,hypersearch-29-43,0.6730838162891928
1139,hypersearch-29-44,0.09189182941109594
1140,hypersearch-29-45,0.047805123419047246
1141,hypersearch-29-46,0.06250275894372767
1142,hypersearch-29-47,0.09708309063427324
1143,hypersearch-29-48,0.3748452999147942
1144,hypersearch-29-49,0.07921144304421762
1145,hypersearch-29-5,0.2813131488993582
1146,hypersearch-29-6,0.42912493582583905
1147,hypersearch-29-7,0.2718728950072964
1148,hypersearch-29-8,0.6972872566474686
1149,hypersearch-29-9,0.5456695085636093
1150,hypersearch-3-0,0.6135982642586746
1151,hypersearch-3-1,0.47527293475433635
1152,hypersearch-3-10,0.6419888739100615
1153,hypersearch-3-11,0.4012826186656535
1154,hypersearch-3-12,0.3967712991339392
1155,hypersearch-3-13,0.11721469787778345
1156,hypersearch-3-14,0.6995515616924224
1157,hypersearch-3-15,0.14303071744408388
1158,hypersearch-3-16,0.45814927499996766
1159,hypersearch-3-17,0.015171392340091037
1160,hypersearch-3-18,0.4599086757271521
1161,hypersearch-3-19,0.14079280399946023
1162,hypersearch-3-2,0.6285390864812753
1163,hypersearch-3-20,0.6205663632505412
1164,hypersearch-3-21,0.01191877604547925
1165,hypersearch-3-22,0.3635343557339541
1166,hypersearch-3-23,0.33196378528288983
1167,hypersearch-3-24,0.34681059231456024
1168,hypersearch-3-25,0.2276989087339366
1169,hypersearch-3-26,0.5241247305332924
1170,hypersearch-3-27,0.2203168138025138
1171,hypersearch-3-28,0.2336125660325199
1172,hypersearch-3-29,0.676114909890142
1173,hypersearch-3-3,0.03141817321714246
1174,hypersearch-3-30,0.516563252852833
1175,hypersearch-3-31,0.4824736915005883
1176,hypersearch-3-32,0.6628400768951712
1177,hypersearch-3-33,0.6035099949000393
1178,hypersearch-3-34,0.2871219686661385
1179,hypersearch-3-35,0.25521375130130114
1180,hypersearch-3-36,0.5200998780272169
1181,hypersearch-3-37,0.43480142719622233
1182,hypersearch-3-38,0.29689675445104935
1183,hypersearch-3-39,0.45491056157364923
1184,hypersearch-3-4,0.6632373379927484
1185,hypersearch-3-40,0.209819966885869
1186,hypersearch-3-41,0.5792806941072342
1187,hypersearch-3-42,0.32064081444752607
1188,hypersearch-3-43,0.23998494221504488
1189,hypersearch-3-44,0.6702869683706438
1190,hypersearch-3-45,0.05530394232683988
1191,hypersearch-3-46,0.22615259095916232
1192,hypersearch-3-47,0.5625181296520381
1193,hypersearch-3-48,0.5088859458406806
1194,hypersearch-3-49,0.20699482307177514
1195,hypersearch-3-5,0.4282541694907015
1196,hypersearch-3-6,0.3966237583549665
1197,hypersearch-3-7,0.5164976294542905
1198,hypersearch-3-8,0.3235864074475341
1199,hypersearch-3-9,0.3632600537917375
1200,hypersearch-30-0,0.34748916019703163
1201,hypersearch-30-1,0.1621413420188779
1202,hypersearch-30-10,0.5710743116468572
1203,hypersearch-30-11,0.2251878915206252
1204,hypersearch-30-12,0.08209744834723605
1205,hypersearch-30-13,0.05123845664029134
1206,hypersearch-30-14,0.6483879016984285
1207,hypersearch-30-15,0.5141458875074286
1208,hypersearch-30-16,0.26976879587228675
1209,hypersearch-30-17,0.3294191160638888
1210,hypersearch-30-18,0.27879664981259694
1211,hypersearch-30-19,0.5853054035088837
1212,hypersearch-30-2,0.36352177271857006
1213,hypersearch-30-20,0.6248698644500006
1214,hypersearch-30-21,0.17915129583426073
1215,hypersearch-30-22,0.11111432970640864
1216,hypersearch-30-23,0.2944105194653581
1217,hypersearch-30-24,0.302009690009024
1218,hypersearch-30-25,0.5851153649487811
1219,hypersearch-30-26,0.43228272037544385
1220,hypersearch-30-27,0.6095485597186316
1221,hypersearch-30-28,0.10879488793785141
1222,hypersearch-30-29,0.5995635261767056
1223,hypersearch-30-3,0.47696394304026857
1224,hypersearch-30-30,0.33745607176424114
1225,hypersearch-30-31,0.1549942790093939
1226,hypersearch-30-32,0.557297697297196
1227,hypersearch-30-33,0.43088511884828923
1228,hypersearch-30-34,0.34878048833459147
1229,hypersearch-30-35,0.04803825527067282
1230,hypersearch-30-36,0.31298168629747924
1231,hypersearch-30-37,0.39209255785583086
1232,hypersearch-30-38,0.6205763350898879
1233,hypersearch-30-39,0.3600656284687387
1234,hypersearch-30-4,0.6165233729444164
1235,hypersearch-30-40,0.2784075284083165
1236,hypersearch-30-41,0.6118234841989594
1237,hypersearch-30-42,0.18354211894867134
1238,hypersearch-30-43,0.35253584683255984
1239,hypersearch-30-44,0.142902835539406
1240,hypersearch-30-45,0.5755453227452866
1241,hypersearch-30-46,0.5684596493594924
1242,hypersearch-30-47,0.4891880609949835
1243,hypersearch-30-48,0.05766941413354736
1244,hypersearch-30-49,0.5313496537501229
1245,hypersearch-30-5,0.5609400647055952
1246,hypersearch-30-6,0.20994521513741582
1247,hypersearch-30-7,0.08208880855793861
1248,hypersearch-30-8,0.4971847514649385
1249,hypersearch-30-9,0.5895738792953202
1250,hypersearch-31-0,0.5901714124313384
1251,hypersearch-31-1,0.32955343001701304
1252,hypersearch-31-10,0.5981529655779081
1253,hypersearch-31-11,0.6339535623645696
1254,hypersearch-31-12,0.5749384933125865
1255,hypersearch-31-13,0.3397381656401196
1256,hypersearch-31-14,0.2815982006676755
1257,hypersearch-31-15,0.677458738505662
1258,hypersearch-31-16,0.2426863962704613
1259,hypersearch-31-17,0.08258103548689431
1260,hypersearch-31-18,0.40998470500657436
1261,hypersearch-31-19,0.01946904292879404
1262,hypersearch-31-2,0.5480421702325267
1263,hypersearch-31-20,0.5180233763173854
1264,hypersearch-31-21,0.2284270456157414
1265,hypersearch-31-22,0.6460240218649139
1266,hypersearch-31-23,0.5353725751069424
1267,hypersearch-31-24,0.1796628509178669
1268,hypersearch-31-25,0.07227484705029023
1269,hypersearch-31-26,0.16153018180193573
1270,hypersearch-31-27,0.03689046184393246
1271,hypersearch-31-28,0.1697290016385369
1272,hypersearch-31-29,0.3319387873550451
1273,hypersearch-31-3,0.6304418032527819
1274,hypersearch-31-30,0.4107151397900448
1275,hypersearch-31-31,0.40119792469458215
1276,hypersearch-31-32,0.11388790799319333
1277,hypersearch-31-33,0.6677476741622229
1278,hypersearch-31-34,0.6026877390106224
1279,hypersearch-31-35,0.026761394300408005
1280,hypersearch-31-36,0.303339031281361
1281,hypersearch-31-37,0.5907181332933561
1282,hypersearch-31-38,0.01790885440111673
1283,hypersearch-31-39,0.22741831249075167
1284,hypersearch-31-4,0.047808199543968775
1285,hypersearch-31-40,0.22787296092793438
1286,hypersearch-31-41,0.6005603178717376
1287,hypersearch-31-42,0.41018250177123483
1288,hypersearch-31-43,0.2766704157255306
1289,hypersearch-31-44,0.34289560229341265
1290,hypersearch-31-45,0.45404516979636056
1291,hypersearch-31-46,0.6171090516480635
1292,hypersearch-31-47,0.06465198630118912
1293,hypersearch-31-48,0.5472507583783239
1294,hypersearch-31-49,0.13953958024774618
1295,hypersearch-31-5,0.38366098037138696
1296,hypersearch-31-6,0.5062699862851707
1297,hypersearch-31-7,0.6866876377828324
1298,hypersearch-31-8,0.1761747386287615
1299,hypersearch-31-9,0.6591004404660014
1300,hypersearch-32-0,0.23267404642850176
1301,hypersearch-32-1,0.39984644503867406
1302,hypersearch-32-10,0.5677949397127751
1303,hypersearch-32-11,0.24881449229275596
1304,hypersearch-32-12,0.2621314517448044
1305,hypersearch-32-13,0.6920426366348195
1306,hypersearch-32-14,0.6584504785551367
1307,hypersearch-32-15,0.07978805068211262
1308,hypersearch-32-16,0.5176957378527306
1309,hypersearch-32-17,0.20765811975621068
1310,hypersearch-32-18,0.14718246316392916
1311,hypersearch-32-19,0.19100888705472305
1312,hypersearch-32-2,0.02791683703732714
1313,hypersearch-32-20,0.5172654382062191
1314,hypersearch-32-21,0.18199697448745347
1315,hypersearch-32-22,0.6633017698886359
1316,hypersearch-32-23,0.6528119222742249
1317,hypersearch-32-24,0.53501410706799
1318,hypersearch-32-25,0.4478112278897772
1319,hypersearch-32-26,0.22570055552852278
1320,hypersearch-32-27,0.6938751419245396
1321,hypersearch-32-28,0.08188391266901261
1322,hypersearch-32-29,0.6803888802335304
1323,hypersearch-32-3,0.05645733656135185
1324,hypersearch-32-30,0.061359406821989225
1325,hypersearch-32-31,0.4252906531336394
1326,hypersearch-32-32,0.24450343784554543
1327,hypersearch-32-33,0.46945852769489
1328,hypersearch-32-34,0.5608603467167335
1329,hypersearch-32-35,0.14094723953297283
1330,hypersearch-32-36,0.3822930568827357
1331,hypersearch-32-37,0.3337108386879831
1332,hypersearch-32-38,0.5177111206640143
1333,hypersearch-32-39,0.45125338394006914
1334,hypersearch-32-4,0.08454454241824835
1335,hypersearch-32-40,0.1983555158030961
1336,hypersearch-32-41,0.5084247411280419
1337,hypersearch-32-42,0.3264590747905449
1338,hypersearch-32-43,0.29221451085116623
1339,hypersearch-32-44,0.645876224794897
1340,hypersearch-32-45,0.22746170667044613
1341,hypersearch-32-46,0.0988914045227657
1342,hypersearch-32-47,0.048622853718868625
1343,hypersearch-32-48,0.26344883234393857
1344,hypersearch-32-49,0.3638513778905219
1345,hypersearch-32-5,0.5652843941065446
1346,hypersearch-32-6,0.061952426423594005
1347,hypersearch-32-7,0.6421439591419844
1348,hypersearch-32-8,0.27124028054045213
1349,hypersearch-32-9,0.09245501584275319
1350,hypersearch-33-0,0.03267076767581623
1351,hypersearch-33-1,0.1267869928072251
1352,hypersearch-33-10,0.09895564494977199
1353,hypersearch-33-11,0.12272040249215482
1354,hypersearch-33-12,0.35146523073350416
1355,hypersearch-33-13,0.22626927870886998
1356,hypersearch-33-14,0.1465181072623875
1357,hypersearch-33-15,0.2577713232963347
1358,hypersearch-33-16,0.020705356874783802
1359,hypersearch-33-17,0.42981800572026874
1360,hypersearch-33-18,0.49951088381795355
1361,hypersearch-33-19,0.59742949970556
1362,hypersearch-33-2,0.19262328540119633
1363,hypersearch-33-20,0.35533246769077276
1364,hypersearch-33-21,0.6907436743535166
1365,hypersearch-33-22,0.011192950202876703
1366,hypersearch-33-23,0.4751145208077809
1367,hypersearch-33-24,0.0659256646679512
1368,hypersearch-33-25,0.13065989401518868
1369,hypersearch-33-26,0.42715362557090625
1370,hypersearch-33-27,0.6401146381458056
1371,hypersearch-33-28,0.6093871105358845
1372,hypersearch-33-29,0.03757760140480542
1373,hypersearch-33-3,0.18467462637164714
1374,hypersearch-33-30,0.09787807585564903
1375,hypersearch-33-31,0.4776374682515931
1376,hypersearch-33-32,0.698125663969192
1377,hypersearch-33-33,0.6746911130011779
1378,hypersearch-33-34,0.26582058097116074
1379,hypersearch-33-35,0.1818010360049075
1380,hypersearch-33-36,0.22514233251408824
1381,hypersearch-33-37,0.5562502093072151
1382,hypersearch-33-38,0.40889831843658886
1383,hypersearch-33-39,0.42531312531341786
1384,hypersearch-33-4,0.5109313611690411
1385,hypersearch-33-40,0.613957393196999
1386,hypersearch-33-41,0.2325020633485452
1387,hypersearch-33-42,0.18792314673870772
1388,hypersearch-33-43,0.3171059178937522
1389,hypersearch-33-44,0.49974502158766304
1390,hypersearch-33-45,0.18758860333070146
1391,hypersearch-33-46,0.3880800787792726
1392,hypersearch-33-47,0.6649417995678504
1393,hypersearch-33-48,0.491624630863606
1394,hypersearch-33-49,0.22695433173013654
1395,hypersearch-33-5,0.23636166998799685
1396,hypersearch-33-6,0.6208682437741865
1397,hypersearch-33-7,0.41984315119195953
1398,hypersearch-33-8,0.24018045148705638
1399,hypersearch-33-9,0.40673016977886317
1400,hypersearch-34-0,0.017595748328540863
1401,hypersearch-34-1,0.48272452104700736
1402,hypersearch-34-10,0.6894198296991731
1403,hypersearch-34-11,0.08641079648735135
1404,hypersearch-34-12,0.6039769589040185
1405,hypersearch-34-13,0.23267055758615834
1406,hypersearch-34-14,0.6664810541467054
1407,hypersearch-34-15,0.6795937520518748
1408,hypersearch-34-16,0.049400113870105004
1409,hypersearch-34-17,0.2406804054200308
1410,hypersearch-34-18,0.4009815812444126
1411,hypersearch-34-19,0.17591964137714167
1412,hypersearch-34-2,0.558090355952821
1413,hypersearch-34-20,0.638076425218269
1414,hypersearch-34-21,0.5702508327666181
1415,hypersearch-34-22,0.1334351184489324
1416,hypersearch-34-23,0.2469970963304882
1417,hypersearch-34-24,0.5212133160013961
1418,hypersearch-34-25,0.058884879284874174
1419,hypersearch-34-26,0.5431975081603811
1420,hypersearch-34-27,0.08728172453861416
1421,hypersearch-34-28,0.5858050997735911
1422,hypersearch-34-29,0.19908521985707897
1423,hypersearch-34-3,0.15348071919027342
1424,hypersearch-34-30,0.12876034879189685
1425,hypersearch-34-31,0.022157637761363855
1426,hypersearch-34-32,0.39802488342553594
1427,hypersearch-34-33,0.35768777019085113
1428,hypersearch-34-34,0.34662685536972826
1429,hypersearch-34-35,0.4365265756894129
1430,hypersearch-34-36,0.27157316011967064
1431,hypersearch-34-37,0.42154189254156427
1432,hypersearch-34-38,0.20335841668905538
1433,hypersearch-34-39,0.27488051873964137
1434,hypersearch-34-4,0.29577927060898834
1435,hypersearch-34-40,0.26345195823937184
1436,hypersearch-34-41,0.3146015333846585
1437,hypersearch-34-42,0.49076457090919756
1438,hypersearch-34-43,0.671787942331081
1439,hypersearch-34-44,0.6921575511681841
1440,hypersearch-34-45,0.48943946177137715
1441,hypersearch-34-46,0.31401034007248185
1442,hypersearch-34-47,0.40682275168514254
1443,hypersearch-34-48,0.18573844893818386
1444,hypersearch-34-49,0.37785047963226864
1445,hypersearch-34-5,0.4694342126143438
1446,hypersearch-34-6,0.601325219955644
1447,hypersearch-34-7,0.031558953541999224
1448,hypersearch-34-8,0.5648611253467616
1449,hypersearch-34-9,0.5912290406783476
1450,hypersearch-35-0,0.0687210320078669
1451,hypersearch-35-1,0.5206573217383612
1452,hypersearch-35-10,0.3515205988312565
1453,hypersearch-35-11,0.35835950703744535
1454,hypersearch-35-12,0.030847158458647363
1455,hypersearch-35-13,0.030501330202983096
1456,hypersearch-35-14,0.6536676203907508
1457,hypersearch-35-15,0.13336225415299796
1458,hypersearch-35-16,0.19809630369773612
1459,hypersearch-35-17,0.67866173901985
1460,hypersearch-35-18,0.4920004944464786
1461,hypersearch-35-19,0.32313131791766564
1462,hypersearch-35-2,0.6082186481969589
1463,hypersearch-35-20,0.4937268996697865
1464,hypersearch-35-21,0.49921077303829775
1465,hypersearch-35-22,0.13914223805236808
1466,hypersearch-35-23,0.26237171766522405
1467,hypersearch-35-24,0.403893943241977
1468,hypersearch-35-25,0.09315026025464267
1469,hypersearch-35-26,0.6260957500909927
1470,hypersearch-35-27,0.22500297009097459
1471,hypersearch-35-28,0.106000284263391
1472,hypersearch-35-29,0.3275789031734023
1473,hypersearch-35-3,0.2681474167469218
1474,hypersearch-35-30,0.566005184974604
1475,hypersearch-35-31,0.42446761680214995
1476,hypersearch-35-32,0.019009485589411554
1477,hypersearch-35-33,0.6333561681443601
1478,hypersearch-35-34,0.6062761312509015
1479,hypersearch-35-35,0.21249107885391016
1480,hypersearch-35-36,0.6531833197479429
1481,hypersearch-35-37,0.29885793902424723
1482,hypersearch-35-38,0.216795372859002
1483,hypersearch-35-39,0.31825561584113343
1484,hypersearch-35-4,0.6606741756946112
1485,hypersearch-35-40,0.42995050071924606
1486,hypersearch-35-41,0.672002832541063
1487,hypersearch-35-42,0.11549281761308217
1488,hypersearch-35-43,0.11057672984548357
1489,hypersearch-35-44,0.1803448398381461
1490,hypersearch-35-45,0.2210805819998147
1491,hypersearch-35-46,0.3198802352221444
1492,hypersearch-35-47,0.6095642708533942
1493,hypersearch-35-48,0.39024234677968406
1494,hypersearch-35-49,0.20662725028344578
1495,hypersearch-35-5,0.5372589657194293
1496,hypersearch-35-6,0.05774782655958099
1497,hypersearch-35-7,0.34634733295947323
1498,hypersearch-35-8,0.6924020121671257
1499,hypersearch-35-9,0.556768474064941
1500,hypersearch-36-0,0.22510372482412755
1501,hypersearch-36-1,0.6289737791634021
1502,hypersearch-36-10,0.3489328980331393
1503,hypersearch-36-11,0.2237104957481846
1504,hypersearch-36-12,0.27292274929330357
1505,hypersearch-36-13,0.3573479753438578
1506,hypersearch-36-14,0.6431316399378968
1507,hypersearch-36-15,0.5476931571997208
1508,hypersearch-36-16,0.10774160538404419
1509,hypersearch-36-17,0.2417146403220218
1510,hypersearch-36-18,0.5077538448207944
1511,hypersearch-36-19,0.5636405693478351
1512,hypersearch-36-2,0.5913203056396708
1513,hypersearch-36-20,0.11561044800650745
1514,hypersearch-36-21,0.45301040969839645
1515,hypersearch-36-22,0.4126310576365812
1516,hypersearch-36-23,0.2617739884142487
1517,hypersearch-36-24,0.08652672709837361
1518,hypersearch-36-25,0.2852618927596215
1519,hypersearch-36-26,0.41880208127089946
1520,hypersearch-36-27,0.4393430261557467
1521,hypersearch-36-28,0.22522337781734644
1522,hypersearch-36-29,0.5958215105820693
1523,hypersearch-36-3,0.0961181360878439
1524,hypersearch-36-30,0.6053877290943573
1525,hypersearch-36-31,0.45359508608812066
1526,hypersearch-36-32,0.21877987302502006
1527,hypersearch-36-33,0.38491206669331085
1528,hypersearch-36-34,0.22540041760190435
1529,hypersearch-36-35,0.4668501102483203
1530,hypersearch-36-36,0.13476967957006925
1531,hypersearch-36-37,0.5008496995597813
1532,hypersearch-36-38,0.13896346637727602
1533,hypersearch-36-39,0.3780212992207614
1534,hypersearch-36-4,0.12279125927421101
1535,hypersearch-36-40,0.4295232242402522
1536,hypersearch-36-41,0.6560429349082476
1537,hypersearch-36-42,0.6455335300602427
1538,hypersearch-36-43,0.4474753772371764
1539,hypersearch-36-44,0.08222995640352843
1540,hypersearch-36-45,0.06945271252939951
1541,hypersearch-36-46,0.4927102395689462
1542,hypersearch-36-47,0.4220420313505253
1543,hypersearch-36-48,0.10052945314358959
1544,hypersearch-36-49,0.015230792858188104
1545,hypersearch-36-5,0.6075975683819496
1546,hypersearch-36-6,0.43428609900606496
1547,hypersearch-36-7,0.21906740844953101
1548,hypersearch-36-8,0.12268469349764029
1549,hypersearch-36-9,0.10023983169502763
1550,hypersearch-37-0,0.41319404556358386
1551,hypersearch-37-1,0.33416103918695067
1552,hypersearch-37-10,0.1314686193308242
1553,hypersearch-37-11,0.027057285177581894
1554,hypersearch-37-12,0.5823117485770284
1555,hypersearch-37-13,0.6315976515728732
1556,hypersearch-37-14,0.325687844761484
1557,hypersearch-37-15,0.36230728729739686
1558,hypersearch-37-16,0.08870460050104317
1559,hypersearch-37-17,0.6897163163644581
1560,hypersearch-37-18,0.5896383073507807
1561,hypersearch-37-19,0.14536074201585522
1562,hypersearch-37-2,0.5284565085831218
1563,hypersearch-37-20,0.278952164543036
1564,hypersearch-37-21,0.5004395482301572
1565,hypersearch-37-22,0.10729616973080681
1566,hypersearch-37-23,0.5746710201623197
1567,hypersearch-37-24,0.5745163553307213
1568,hypersearch-37-25,0.40635457388537766
1569,hypersearch-37-26,0.3186927999100929
1570,hypersearch-37-27,0.6411127057928413
1571,hypersearch-37-28,0.3329135058934714
1572,hypersearch-37-29,0.06085589338670636
1573,hypersearch-37-3,0.13547650454247323
1574,hypersearch-37-30,0.06962567905541248
1575,hypersearch-37-31,0.33862743514252336
1576,hypersearch-37-32,0.16311572453168452
1577,hypersearch-37-33,0.37729854440822147
1578,hypersearch-37-34,0.4342839930585496
1579,hypersearch-37-35,0.11743947943175552
1580,hypersearch-37-36,0.5403282057820875
1581,hypersearch-37-37,0.4001849566389266
1582,hypersearch-37-38,0.11968546366639103
1583,hypersearch-37-39,0.6380772800161442
1584,hypersearch-37-4,0.18460114991387502
1585,hypersearch-37-40,0.056840909848018914
1586,hypersearch-37-41,0.047708264747255626
1587,hypersearch-37-42,0.25951241806182646
1588,hypersearch-37-43,0.33855550546826
1589,hypersearch-37-44,0.20337150796253411
1590,hypersearch-37-45,0.5019117154103497
1591,hypersearch-37-46,0.2718610677434694
1592,hypersearch-37-47,0.6798272434183716
1593,hypersearch-37-48,0.5062241681876831
1594,hypersearch-37-49,0.5812400517807796
1595,hypersearch-37-5,0.5894283980643343
1596,hypersearch-37-6,0.5073094342007493
1597,hypersearch-37-7,0.09150876708704833
1598,hypersearch-37-8,0.6692269962984212
1599,hypersearch-37-9,0.2286993092980538
1600,hypersearch-38-0,0.3090333214167609
1601,hypersearch-38-1,0.3916802190732899
1602,hypersearch-38-10,0.614466929139329
1603,hypersearch-38-11,0.5407856543745434
1604,hypersearch-38-12,0.6019882884997644
1605,hypersearch-38-13,0.15976343731415524
1606,hypersearch-38-14,0.3334821059937793
1607,hypersearch-38-15,0.6233455664771652
1608,hypersearch-38-16,0.07713137989674287
1609,hypersearch-38-17,0.47592729577239096
1610,hypersearch-38-18,0.06759234691622189
1611,hypersearch-38-19,0.6437440091644717
1612,hypersearch-38-2,0.24645232809002743
1613,hypersearch-38-20,0.08627232530873401
1614,hypersearch-38-21,0.35894239789916765
1615,hypersearch-38-22,0.08707272872560748
1616,hypersearch-38-23,0.38912520381626564
1617,hypersearch-38-24,0.06782176144448263
1618,hypersearch-38-25,0.562034955785077
1619,hypersearch-38-26,0.39752089387480405
1620,hypersearch-38-27,0.22466051533228
1621,hypersearch-38-28,0.03823539549628398
1622,hypersearch-38-29,0.390860929606046
1623,hypersearch-38-3,0.5886227715194454
1624,hypersearch-38-30,0.18789239331206045
1625,hypersearch-38-31,0.32848613544825334
1626,hypersearch-38-32,0.3735537210935083
1627,hypersearch-38-33,0.3928779599577277
1628,hypersearch-38-34,0.24842998777717806
1629,hypersearch-38-35,0.47312473943609595
1630,hypersearch-38-36,0.08640853611526858
1631,hypersearch-38-37,0.09151110240178016
1632,hypersearch-38-38,0.6491092121083868
1633,hypersearch-38-39,0.2569090146838463
1634,hypersearch-38-4,0.5585246196434777
1635,hypersearch-38-40,0.5267351564593297
1636,hypersearch-38-41,0.579158721830404
1637,hypersearch-38-42,0.05644620198884549
1638,hypersearch-38-43,0.4057703549255009
1639,hypersearch-38-44,0.4947357486484161
1640,hypersearch-38-45,0.30455653448806075
1641,hypersearch-38-46,0.5745404217909456
1642,hypersearch-38-47,0.5479346376125342
1643,hypersearch-38-48,0.6756864690813833
1644,hypersearch-38-49,0.4305858153642021
1645,hypersearch-38-5,0.6975216828248296
1646,hypersearch-38-6,0.2153774144859619
1647,hypersearch-38-7,0.5274851012166957
1648,hypersearch-38-8,0.33832591971560727
1649,hypersearch-38-9,0.47152723956740317
1650,hypersearch-39-0,0.3305829784647867
1651,hypersearch-39-1,0.05978600508098071
1652,hypersearch-39-10,0.4497459098587644
1653,hypersearch-39-11,0.544474166677838
1654,hypersearch-39-12,0.20587794772287094
1655,hypersearch-39-13,0.11369092897706025
1656,hypersearch-39-14,0.46254644546826307
1657,hypersearch-39-15,0.6951287433626286
1658,hypersearch-39-16,0.3643316667204712
1659,hypersearch-39-17,0.6310483362817639
1660,hypersearch-39-18,0.23216873845668543
1661,hypersearch-39-19,0.14800578651912227
1662,hypersearch-39-2,0.04938015933896143
1663,hypersearch-39-20,0.483322666133889
1664,hypersearch-39-21,0.21650074151114668
1665,hypersearch-39-22,0.24713941919370053
1666,hypersearch-39-23,0.4995945443509987
1667,hypersearch-39-24,0.14839574791056304
1668,hypersearch-39-25,0.18884419233466115
1669,hypersearch-39-26,0.5060730021122892
1670,hypersearch-39-27,0.30925361291768033
1671,hypersearch-39-28,0.35211783594489005
1672,hypersearch-39-29,0.039995238796758044
1673,hypersearch-39-3,0.3734978401919868
1674,hypersearch-39-30,0.4141316567662312
1675,hypersearch-39-31,0.2570024178151076
1676,hypersearch-39-32,0.3257025834469386
1677,hypersearch-39-33,0.5882632763522097
1678,hypersearch-39-34,0.6785834846154314
1679,hypersearch-39-35,0.6720607381234771
1680,hypersearch-39-36,0.3565767523314088
1681,hypersearch-39-37,0.32883562303623826
1682,hypersearch-39-38,0.5047774796901021
1683,hypersearch-39-39,0.655130589455845
1684,hypersearch-39-4,0.5890842670087721
1685,hypersearch-39-40,0.39267008963482175
1686,hypersearch-39-41,0.5191794059867463
1687,hypersearch-39-42,0.48331171156673086
1688,hypersearch-39-43,0.3933946241610884
1689,hypersearch-39-44,0.28641870807836095
1690,hypersearch-39-45,0.5664040607095118
1691,hypersearch-39-46,0.6787492122149474
1692,hypersearch-39-47,0.06282669065658435
1693,hypersearch-39-48,0.1391523314433152
1694,hypersearch-39-49,0.6796495333815806
1695,hypersearch-39-5,0.5742649885273969
1696,hypersearch-39-6,0.21811828966069602
1697,hypersearch-39-7,0.2978650390782011
1698,hypersearch-39-8,0.21609933071601795
1699,hypersearch-39-9,0.6206769530611445
1700,hypersearch-4-0,0.21532098369323427
1701,hypersearch-4-1,0.6313407284132893
1702,hypersearch-4-10,0.5181292385824261
1703,hypersearch-4-11,0.4688943412664591
1704,hypersearch-4-12,0.6391148896757421
1705,hypersearch-4-13,0.5759338419714434
1706,hypersearch-4-14,0.23657113394440446
1707,hypersearch-4-15,0.5851662591164851
1708,hypersearch-4-16,0.13072150228399348
1709,hypersearch-4-17,0.29805686338854376
1710,hypersearch-4-18,0.5089778274877397
1711,hypersearch-4-19,0.011684663093429762
1712,hypersearch-4-2,0.5056105989836834
1713,hypersearch-4-20,0.2900672064805231
1714,hypersearch-4-21,0.6819488324324029
1715,hypersearch-4-22,0.08788031329273084
1716,hypersearch-4-23,0.10665109930956089
1717,hypersearch-4-24,0.050574385928779664
1718,hypersearch-4-25,0.4683988278494132
1719,hypersearch-4-26,0.2909985441875805
1720,hypersearch-4-27,0.6082290097999458
1721,hypersearch-4-28,0.5804574204631447
1722,hypersearch-4-29,0.26154295309789444
1723,hypersearch-4-3,0.3979772577816156
1724,hypersearch-4-30,0.5581267402383603
1725,hypersearch-4-31,0.6781946498542386
1726,hypersearch-4-32,0.22645974312716652
1727,hypersearch-4-33,0.4328637196800732
1728,hypersearch-4-34,0.046174181906469464
1729,hypersearch-4-35,0.04982745360001039
1730,hypersearch-4-36,0.530446461899269
1731,hypersearch-4-37,0.13382181943035024
1732,hypersearch-4-38,0.500757646035905
1733,hypersearch-4-39,0.4315250373448419
1734,hypersearch-4-4,0.029543379141301132
1735,hypersearch-4-40,0.05268257038452334
1736,hypersearch-4-41,0.45701172672577983
1737,hypersearch-4-42,0.5190112991282345
1738,hypersearch-4-43,0.3418101749596703
1739,hypersearch-4-44,0.6637066514127788
1740,hypersearch-4-45,0.05194046193834701
1741,hypersearch-4-46,0.5169442022936446
1742,hypersearch-4-47,0.5345675848992499
1743,hypersearch-4-48,0.5972543952929821
1744,hypersearch-4-49,0.4294071125200157
1745,hypersearch-4-5,0.6594085210257682
1746,hypersearch-4-6,0.3467435244801929
1747,hypersearch-4-7,0.018591347074333783
1748,hypersearch-4-8,0.6376357569261659
1749,hypersearch-4-9,0.5516584336422896
1750,hypersearch-5-0,0.016202203322867863
1751,hypersearch-5-1,0.13440365001717933
1752,hypersearch-5-10,0.4173565093525297
1753,hypersearch-5-11,0.4811259323598951
1754,hypersearch-5-12,0.25932233602817606
1755,hypersearch-5-13,0.6377000350705724
1756,hypersearch-5-14,0.14120419554202018
1757,hypersearch-5-15,0.02550737881997378
1758,hypersearch-5-16,0.40868787687952146
1759,hypersearch-5-17,0.6019601961198093
1760,hypersearch-5-18,0.08226858405399581
1761,hypersearch-5-19,0.3703649625974957
1762,hypersearch-5-2,0.13389705964244647
1763,hypersearch-5-20,0.1988538857707216
1764,hypersearch-5-21,0.040002679851856196
1765,hypersearch-5-22,0.4621828368866616
1766,hypersearch-5-23,0.1011473289707993
1767,hypersearch-5-24,0.6800587323897429
1768,hypersearch-5-25,0.3984710065810415
1769,hypersearch-5-26,0.6679028059091797
1770,hypersearch-5-27,0.630169624864466
1771,hypersearch-5-28,0.02797073265757332
1772,hypersearch-5-29,0.44902780243201346
1773,hypersearch-5-3,0.49856763191412146
1774,hypersearch-5-30,0.16560658455174473
1775,hypersearch-5-31,0.3189449601435745
1776,hypersearch-5-32,0.3966020182850443
1777,hypersearch-5-33,0.4018748921335923
1778,hypersearch-5-34,0.35927275511198653
1779,hypersearch-5-35,0.5297371919098883
1780,hypersearch-5-36,0.1114312930662214
1781,hypersearch-5-37,0.07067241072014561
1782,hypersearch-5-38,0.03142668662036202
1783,hypersearch-5-39,0.4272472697991798
1784,hypersearch-5-4,0.6096968757164231
1785,hypersearch-5-40,0.6271411144759894
1786,hypersearch-5-41,0.2510636190457426
1787,hypersearch-5-42,0.27866508570132525
1788,hypersearch-5-43,0.21048585919390597
1789,hypersearch-5-44,0.12223382798274544
1790,hypersearch-5-45,0.423962727662347
1791,hypersearch-5-46,0.2616783409340602
1792,hypersearch-5-47,0.284989389064903
1793,hypersearch-5-48,0.1984574382582249
1794,hypersearch-5-49,0.011088629988614965
1795,hypersearch-5-5,0.14541145051377516
1796,hypersearch-5-6,0.14379456866413304
1797,hypersearch-5-7,0.24955855930562676
1798,hypersearch-5-8,0.579842579307139
1799,hypersearch-5-9,0.49396412408690804
1800,hypersearch-6-0,0.4062998678301858
1801,hypersearch-6-1,0.623429232794347
1802,hypersearch-6-10,0.10111682397633422
1803,hypersearch-6-11,0.4054492031435649
1804,hypersearch-6-12,0.46968945776018317
1805,hypersearch-6-13,0.47202484891670277
1806,hypersearch-6-14,0.39390767035155094
1807,hypersearch-6-15,0.677517654663357
1808,hypersearch-6-16,0.05104873612238168
1809,hypersearch-6-17,0.29067579344383954
1810,hypersearch-6-18,0.18788591174589897
1811,hypersearch-6-19,0.484476343993458
1812,hypersearch-6-2,0.23446179125413613
1813,hypersearch-6-20,0.20463904347920114
1814,hypersearch-6-21,0.36483280692565284
1815,hypersearch-6-22,0.013845785363143374
1816,hypersearch-6-23,0.6606540135241102
1817,hypersearch-6-24,0.1519673627878851
1818,hypersearch-6-25,0.1444215571606391
1819,hypersearch-6-26,0.4560300044301067
1820,hypersearch-6-27,0.024876632243976265
1821,hypersearch-6-28,0.17089802892405906
1822,hypersearch-6-29,0.2024890325068959
1823,hypersearch-6-3,0.6542372317502084
1824,hypersearch-6-30,0.49062787443550593
1825,hypersearch-6-31,0.30664753333267253
1826,hypersearch-6-32,0.5739168614001883
1827,hypersearch-6-33,0.6273042081362086
1828,hypersearch-6-34,0.03455718756893024
1829,hypersearch-6-35,0.6301339821242387
1830,hypersearch-6-36,0.27258355215750296
1831,hypersearch-6-37,0.14255793127907998
1832,hypersearch-6-38,0.2976084902124295
1833,hypersearch-6-39,0.41102189736913386
1834,hypersearch-6-4,0.18875503071096958
1835,hypersearch-6-40,0.032511613236019546
1836,hypersearch-6-41,0.592091383384536
1837,hypersearch-6-42,0.532293370683439
1838,hypersearch-6-43,0.04332920242321227
1839,hypersearch-6-44,0.6382527453610696
1840,hypersearch-6-45,0.2810377148389857
1841,hypersearch-6-46,0.5963243540628087
1842,hypersearch-6-47,0.4622833686101563
1843,hypersearch-6-48,0.382127600621881
1844,hypersearch-6-49,0.2198025717597838
1845,hypersearch-6-5,0.042346569517041265
1846,hypersearch-6-6,0.10669421795108999
1847,hypersearch-6-7,0.5642067001830813
1848,hypersearch-6-8,0.1199376318897136
1849,hypersearch-6-9,0.6424022203983565
1850,hypersearch-7-0,0.46186266060999104
1851,hypersearch-7-1,0.3700518274591002
1852,hypersearch-7-10,0.1999714644031502
1853,hypersearch-7-11,0.5479043822086241
1854,hypersearch-7-12,0.4567530993544572
1855,hypersearch-7-13,0.40418019220173995
1856,hypersearch-7-14,0.2527110705385055
1857,hypersearch-7-15,0.15372555151312536
1858,hypersearch-7-16,0.4687671806788497
1859,hypersearch-7-17,0.675079092987598
1860,hypersearch-7-18,0.5163688233790629
1861,hypersearch-7-19,0.03162422124680145
1862,hypersearch-7-2,0.06720747562462392
1863,hypersearch-7-20,0.6773230057658459
1864,hypersearch-7-21,0.30902123577675644
1865,hypersearch-7-22,0.1787377940637808
1866,hypersearch-7-23,0.391035076677902
1867,hypersearch-7-24,0.42049125456097014
1868,hypersearch-7-25,0.2650637609788887
1869,hypersearch-7-26,0.03438477020624802
1870,hypersearch-7-27,0.6742167604143713
1871,hypersearch-7-28,0.5524813116945141
1872,hypersearch-7-29,0.19850032118166813
1873,hypersearch-7-3,0.588710603026624
1874,hypersearch-7-30,0.5765826395317453
1875,hypersearch-7-31,0.12508217087135906
1876,hypersearch-7-32,0.4500346467089869
1877,hypersearch-7-33,0.6679216286675942
1878,hypersearch-7-34,0.6039003661528597
1879,hypersearch-7-35,0.3951083775694484
1880,hypersearch-7-36,0.507996445779242
1881,hypersearch-7-37,0.6208897904021607
1882,hypersearch-7-38,0.29470909038384
1883,hypersearch-7-39,0.5687611194890168
1884,hypersearch-7-4,0.5516936913047195
1885,hypersearch-7-40,0.4555021776117312
1886,hypersearch-7-41,0.4375593170968526
1887,hypersearch-7-42,0.1984819462697652
1888,hypersearch-7-43,0.3050149862036638
1889,hypersearch-7-44,0.2971589060133794
1890,hypersearch-7-45,0.6774978061891934
1891,hypersearch-7-46,0.41330188338086665
1892,hypersearch-7-47,0.2540087706298595
1893,hypersearch-7-48,0.6620249900611177
1894,hypersearch-7-49,0.5785132346475077
1895,hypersearch-7-5,0.2019802061590619
1896,hypersearch-7-6,0.23615627796102953
1897,hypersearch-7-7,0.5379093804237915
1898,hypersearch-7-8,0.09589210130450329
1899,hypersearch-7-9,0.5128846920449947
1900,hypersearch-8-0,0.10299980451320682
1901,hypersearch-8-1,0.17912630330704252
1902,hypersearch-8-10,0.22098771106974832
1903,hypersearch-8-11,0.26850029841601275
1904,hypersearch-8-12,0.3345841391845212
1905,hypersearch-8-13,0.1052650301066761
1906,hypersearch-8-14,0.26262365613409233
1907,hypersearch-8-15,0.3497304325368687
1908,hypersearch-8-16,0.5752961632320298
1909,hypersearch-8-17,0.05453952853981672
1910,hypersearch-8-18,0.5440711123596366
1911,hypersearch-8-19,0.26060620763322306
1912,hypersearch-8-2,0.5428950201745452
1913,hypersearch-8-20,0.16413057161270803
1914,hypersearch-8-21,0.5102249174318088
1915,hypersearch-8-22,0.04583319054201958
1916,hypersearch-8-23,0.21368548085641467
1917,hypersearch-8-24,0.46280824368981077
1918,hypersearch-8-25,0.17545900226253328
1919,hypersearch-8-26,0.5448762706861585
1920,hypersearch-8-27,0.4125307821351283
1921,hypersearch-8-28,0.49421159439780926
1922,hypersearch-8-29,0.3480346013716831
1923,hypersearch-8-3,0.3154809692781537
1924,hypersearch-8-30,0.550039305334113
1925,hypersearch-8-31,0.6233996429800567
1926,hypersearch-8-32,0.5986362318970281
1927,hypersearch-8-33,0.05677765416724026
1928,hypersearch-8-34,0.16065665099264748
1929,hypersearch-8-35,0.29951229709219024
1930,hypersearch-8-36,0.18923972343666448
1931,hypersearch-8-37,0.5628272583693263
1932,hypersearch-8-38,0.30743328202165504
1933,hypersearch-8-39,0.6103239246098181
1934,hypersearch-8-4,0.5515748820195107
1935,hypersearch-8-40,0.4471877047849928
1936,hypersearch-8-41,0.3082783397520108
1937,hypersearch-8-42,0.4957873276395497
1938,hypersearch-8-43,0.26559974694838784
1939,hypersearch-8-44,0.5960614720333282
1940,hypersearch-8-45,0.4779657675591945
1941,hypersearch-8-46,0.44392380939556114
1942,hypersearch-8-47,0.06416523364133914
1943,hypersearch-8-48,0.1718820880151483
1944,hypersearch-8-49,0.6013092539562025
1945,hypersearch-8-5,0.010384129247683983
1946,hypersearch-8-6,0.5226396367711377
1947,hypersearch-8-7,0.6483863736983562
1948,hypersearch-8-8,0.5247422773904636
1949,hypersearch-8-9,0.05868824360712337
1950,hypersearch-9-0,0.06469936736973206
1951,hypersearch-9-1,0.5520403824033179
1952,hypersearch-9-10,0.4401034896594091
1953,hypersearch-9-11,0.266464312663551
1954,hypersearch-9-12,0.4317760215724886
1955,hypersearch-9-13,0.3919651461292295
1956,hypersearch-9-14,0.1328994402185523
1957,hypersearch-9-15,0.2082181563078357
1958,hypersearch-9-16,0.36064124418208293
1959,hypersearch-9-17,0.5397040515313877
1960,hypersearch-9-18,0.11605203351756585
1961,hypersearch-9-19,0.075469020433339
1962,hypersearch-9-2,0.409660071873639
1963,hypersearch-9-20,0.2588473488795147
1964,hypersearch-9-21,0.07525670766816997
1965,hypersearch-9-22,0.09985539984751986
1966,hypersearch-9-23,0.35039897627191613
1967,hypersearch-9-24,0.19822810257888904
1968,hypersearch-9-25,0.43465133815590956
1969,hypersearch-9-26,0.14240384200849374
1970,hypersearch-9-27,0.048728035435007234
1971,hypersearch-9-28,0.12902762034362295
1972,hypersearch-9-29,0.17423329223682887
1973,hypersearch-9-3,0.26018868896847097
1974,hypersearch-9-30,0.646927853807584
1975,hypersearch-9-31,0.3733187569434035
1976,hypersearch-9-32,0.6529512273600581
1977,hypersearch-9-33,0.5062421739469373
1978,hypersearch-9-34,0.031028037190789837
1979,hypersearch-9-35,0.6837822799570012
1980,hypersearch-9-36,0.5894059493462274
1981,hypersearch-9-37,0.3669393556476968
1982,hypersearch-9-38,0.5335620147919988
1983,hypersearch-9-39,0.52417208355973
1984,hypersearch-9-4,0.5943881047055446
1985,hypersearch-9-40,0.6479188075432115
1986,hypersearch-9-41,0.49840943851803216
1987,hypersearch-9-42,0.6631746480385582
1988,hypersearch-9-43,0.06803710690492913
1989,hypersearch-9-44,0.06855162831440402
1990,hypersearch-9-45,0.6399552830199224
1991,hypersearch-9-46,0.5995610472630317
1992,hypersearch-9-47,0.680342253070493
1993,hypersearch-9-48,0.257785702930493
1994,hypersearch-9-49,0.2516626557975591
1995,hypersearch-9-5,0.4416651704893344
1996,hypersearch-9-6,0.4193211304819182
1997,hypersearch-9-7,0.4504895132365827
1998,hypersearch-9-8,0.3932613887620876
1999,hypersearch-9-9,0.25797261585330483
