,image_id,ava_score,orig_nima_vgg16_score,orig_nima_mobilenetv2_score,orig_ia_fine_score,orig_ia_pre_score,orig_ia_pre_styles_change,dist_nima_vgg16_score,dist_nima_mobilenetv2_score,dist_ia_fine_score,dist_ia_pre_score,dist_ia_pre_styles_change,dist_filters
0,106,8.6,4.9285173416137695,4.789400100708008,4.963108003139496,0.37798982858657837,"[-0.09187182039022446, 0.24190357327461243, 0.2163410782814026, 0.010070085525512695, 0.3498261868953705, 0.24263587594032288, 0.15821103751659393, 0.14321568608283997, 0.10997626185417175]",5.079959034919739,4.980277121067047,5.129112005233765,0.39858338236808777,"[0.11072176694869995, -0.026812301948666573, 0.47824063897132874, -0.1096658930182457, 0.273390531539917, 0.1760391741991043, 0.19280996918678284, -0.07032599300146103, 0.08746619522571564]","[-0.004134960459484471, -0.09017393356798165, -0.2583289639501052, 0.7539081193170614, -0.8685829796066806, -0.24620095460226565, -0.09393866237310378, 0.018450825694174666]"
1,9482,8.571428571428571,5.8367204666137695,6.287001371383667,6.247572302818298,0.21890413761138916,"[-0.7291634678840637, 0.770551323890686, 0.4319513142108917, 0.3707531988620758, 0.5087891817092896, 0.21266931295394897, 0.2642959952354431, 0.3861181437969208, -0.05532866716384888]",5.616402626037598,6.014457941055298,5.962054133415222,0.1938801258802414,"[-0.46153032779693604, 0.5024011731147766, 0.2858961820602417, 0.3201850950717926, 0.3093622028827667, 0.1821095049381256, 0.23091432452201843, 0.3267139196395874, -0.17349520325660706]","[-0.6537844078887063, -0.008281594122573788, -0.4974905649338066, -0.9121452195005306, -0.9766068241443928, 0.8021441126186029, -0.8615459244528283, 0.7545073179389559]"
2,150,8.517441860465116,6.1097389459609985,6.096152663230896,6.125640869140625,0.5816666483879089,"[0.05733566731214523, 0.2721252739429474, 0.4730718731880188, 0.3482597768306732, 0.04109202325344086, 0.3567091226577759, 0.20817628502845764, -0.4611281156539917, 0.36663103103637695]",5.666283369064331,5.671456456184387,5.742729902267456,0.14923833310604095,"[-0.11072992533445358, 0.37714138627052307, 0.07554939389228821, 0.16827622056007385, 0.1766381859779358, 0.23578765988349915, 0.12597069144248962, 0.26064443588256836, -0.1246892511844635]","[-0.5473778951934258, -0.1496969649895712, -0.3072930451218274, 0.7070171599290691, -0.8755242408475912, 0.26479047130387734, -0.3264697498092466, -0.7028666427565429]"
3,491369,8.399253731343284,4.608510136604309,5.430716872215271,5.44955849647522,0.50627201795578,"[-0.14414575695991516, 0.4300176501274109, 0.3146181106567383, 0.16415265202522278, 0.4687461256980896, 0.3396568298339844, 0.17525708675384521, -0.3141164481639862, -0.1332722306251526]",5.088211297988892,5.0534361600875854,5.116406679153442,0.11572881788015366,"[-0.5284465551376343, 0.979113757610321, -0.5239999890327454, 0.09582015872001648, 0.8063563108444214, 0.12810713052749634, 0.04870983958244324, -0.1298876702785492, 0.060436271131038666]","[-0.6899842401234084, -0.8274059943082779, 0.4572014364008887, -0.6935601932834949, -0.8698898737644749, 0.5302644257597375, 0.8217387915767478, 0.370701438353052]"
4,55938,8.388059701492537,6.255231499671936,6.009895205497742,5.948584675788879,0.1808057427406311,"[0.03691723942756653, 0.20971964299678802, -0.1356303095817566, 0.004153773188591003, 0.18347562849521637, 0.0975755825638771, 0.15906912088394165, 0.006115339696407318, -0.16377508640289307]",5.600563287734985,4.5795392990112305,4.4809490442276,0.8255835175514221,"[-0.14362838864326477, 0.4901888072490692, -0.07270611077547073, 0.21626180410385132, 0.1686745584011078, 0.10299690812826157, 0.08823779970407486, -0.2960817813873291, 0.19095653295516968]","[-0.7610817051942866, -0.9926823340574502, 0.4870696978771689, 0.5203045783906444, 0.05071122564766406, 0.21717238470844058, -0.9729556400133732, 0.4136582229421053]"
5,642962,8.387453874538746,5.936468243598938,5.651615262031555,5.6387001276016235,0.28070470690727234,"[-0.0688987448811531, 0.2700584828853607, 0.49445509910583496, 0.27850398421287537, 0.3337087333202362, 0.0861627385020256, 0.16443724930286407, 0.4684908092021942, -0.21479661762714386]",5.941641926765442,5.47758936882019,5.586723685264587,0.48131367564201355,"[-0.3576721251010895, 0.2965119183063507, 0.18459564447402954, -0.07495801150798798, 0.27282479405403137, -0.15380513668060303, 0.1153310239315033, -0.2633269429206848, 0.3959338963031769]","[-0.7812862497506672, -0.1315004652571934, 0.10419589573150123, -0.32231541067944947, 0.5163743567671171, 0.3454811364544348, 0.06330155687229722, -0.05459836669733886]"
6,543104,8.361216730038024,6.079780459403992,6.076986193656921,6.023154258728027,0.45456504821777344,"[-0.3306010365486145, 0.36889997124671936, -0.23283734917640686, 0.30945727229118347, 0.1991218626499176, -0.007990418002009392, 0.13768793642520905, -0.24769988656044006, 0.33091139793395996]",5.748544931411743,5.8575499057769775,5.78900933265686,0.3477131128311157,"[-0.452267587184906, 0.8591987490653992, -0.7504660487174988, 0.5520651340484619, 0.2619321346282959, 0.2976648211479187, 0.08391956239938736, -0.26184606552124023, -0.1074131578207016]","[-0.7035458181753405, -0.8638502307286182, -0.5491864404747784, 0.1492372927258112, 0.2888320835978191, 0.05842867480926328, 0.9789397265763082, 0.39569893110717946]"
7,267110,8.31081081081081,5.484972596168518,5.5766379833221436,5.748980641365051,0.2943595051765442,"[0.08263766765594482, -0.009778017178177834, 0.4022909998893738, 0.07452011108398438, 0.029637068510055542, 0.05289836972951889, 0.19431626796722412, 0.0332961305975914, 0.24045062065124512]",4.805857539176941,4.931395649909973,4.985825419425964,0.4424382448196411,"[-0.44066840410232544, 0.8498692512512207, -0.11113161593675613, 0.29651156067848206, 0.25819605588912964, 0.5718660950660706, 0.11829564720392227, 0.13701008260250092, 0.058306269347667694]","[-0.10860532186266303, -0.9784771101426479, 0.4572389483857824, 0.8899746935381796, 0.18095262199943862, 0.3609054928835753, -0.18153599070749316, 0.43105088677428527]"
8,2892,8.304,5.930946469306946,5.903267860412598,5.826480984687805,0.2803678512573242,"[0.08472435921430588, 0.32067784667015076, 0.026142515242099762, 0.30006757378578186, 0.43178531527519226, 0.2184993326663971, 0.13506484031677246, 0.008252523839473724, 0.15165144205093384]",5.784561038017273,5.982348322868347,5.914066433906555,0.13587036728858948,"[0.14362415671348572, 0.2859790027141571, -0.003563404083251953, 0.32993337512016296, 0.33406299352645874, 0.2558912932872772, 0.149887815117836, 0.12191160023212433, 0.16803079843521118]","[-0.0251736182547031, 0.8861051994710312, -0.05184064129261956, 0.9975493934451574, 0.8880685672645772, 0.1843450877958055, 0.7939774598626674, 0.7834534630707202]"
9,455890,8.3,6.155511140823364,6.0414057970047,5.961484909057617,0.564834475517273,"[0.12480867654085159, 0.025425920262932777, -0.07495806366205215, -0.27351123094558716, 0.4853442311286926, 0.10214132815599442, 0.1236838847398758, 0.0025824755430221558, -0.015693288296461105]",5.972743034362793,5.8563995361328125,5.76934814453125,0.5366263389587402,"[0.00047067925333976746, 0.14234167337417603, -0.04212737828493118, -0.15460899472236633, 0.4113753139972687, 0.16904786229133606, 0.14796984195709229, -0.14381319284439087, -0.01294076070189476]","[0.2496923858573692, -0.7512772784948865, 0.021248567399121177, 0.04554909335150237, -0.13640166088358474, 0.7098463033600602, 0.9702795742048189, -0.21489448794251986]"
10,54599,8.296296296296296,5.753325819969177,6.227774620056152,6.261956095695496,0.19339610636234283,"[-0.06842292100191116, 0.17036178708076477, -0.03633680194616318, 0.24171182513237, 0.004697054624557495, 0.08579376339912415, 0.1518847793340683, -0.4091234803199768, -0.014379780739545822]",5.248951315879822,5.177944898605347,5.283151865005493,0.18169014155864716,"[-0.055775292217731476, 0.22900670766830444, -0.1129373088479042, 0.1483878493309021, 0.16572429239749908, -0.15492859482765198, 0.10822984576225281, -0.6959985494613647, 0.3722289204597473]","[-0.18956770289992608, -0.030031457190218047, 0.8803803273312623, 0.6909532725455434, -0.4496351126990086, -0.6511970669103648, -0.47412866859209424, 0.5178980800116582]"
11,335951,8.270967741935484,6.285678148269653,6.608027219772339,6.597009897232056,0.3610503375530243,"[-0.20329001545906067, 0.21193283796310425, -0.16459578275680542, 0.24007147550582886, -0.08572781085968018, -0.02776755951344967, 0.10769908875226974, 0.05362364649772644, -0.032904818654060364]",5.656870603561401,6.004244089126587,6.029950380325317,0.16123513877391815,"[-0.247813880443573, 0.13645032048225403, 0.3508095443248749, -0.029459655284881592, -0.009827405214309692, 0.008711406961083412, 0.2231530249118805, -0.22306358814239502, 0.2938588559627533]","[-0.2788269987544074, -0.9789978426772168, -0.23440546225163383, -0.3879518154733501, -0.25403728225299216, -0.9482856482951267, 0.6778371711029907, 0.3697954129184109]"
12,106707,8.269521410579346,6.153837442398071,5.842677354812622,5.767163038253784,0.8763080835342407,"[-0.177435964345932, -0.13276633620262146, 1.0692981481552124, 0.009427905082702637, -0.20461997389793396, -0.349828839302063, 0.33055275678634644, 0.18913239240646362, 0.7026987671852112]",5.886141657829285,5.326813459396362,5.298304557800293,0.5371395349502563,"[-0.025388486683368683, -0.0640672817826271, 0.7285546064376831, -0.028680354356765747, 0.13454310595989227, -0.11303596943616867, 0.24586084485054016, 0.24722221493721008, 0.3422185182571411]","[-0.24116118282886956, -0.18427128510650825, 0.7225520158010923, -0.6915973171341103, -0.2617292074830513, -0.5418296451617031, -0.004548988999206083, -0.1367796914309558]"
13,455658,8.250996015936256,6.024817228317261,6.014934778213501,5.879594087600708,0.32488319277763367,"[-0.35262662172317505, 0.3720966875553131, -0.040231578052043915, 0.004112169146537781, 0.28580281138420105, -0.2766766846179962, 0.1497691422700882, -0.007933288812637329, 0.07329579442739487]",5.800148248672485,5.671567916870117,5.657402276992798,0.3510195016860962,"[-0.09772413223981857, 0.3041083514690399, -0.2336568832397461, -0.054784178733825684, 0.3212863802909851, -0.030392011627554893, 0.0929340273141861, 0.0006322339177131653, 0.13116268813610077]","[0.9847934017772981, 0.22493321447478687, 0.432886185956489, -0.4567008881146586, 0.78240612589514, 0.4685346724675774, -0.8345567863769681, 0.5472180171534917]"
14,111547,8.25,5.722514390945435,5.820963382720947,5.890548825263977,0.20495666563510895,"[-0.08227425068616867, 0.27289822697639465, 0.43142473697662354, 0.22851291298866272, 0.14809873700141907, -0.027385180816054344, 0.178677037358284, -0.16181817650794983, 0.3098994493484497]",5.570768117904663,5.801830291748047,5.91824471950531,0.15991878509521484,"[-0.07142794877290726, 0.41461941599845886, 0.01497010886669159, 0.1827339231967926, 0.24639904499053955, 0.15275518596172333, 0.07657335698604584, -0.2034311592578888, 0.12428352236747742]","[0.2612024030902971, -0.4403102612797647, 0.752886477188796, 0.9851121998364107, -0.7220037646355657, -0.5142111670026899, 0.4782232097075929, 0.8404049745063318]"
15,957982,8.23943661971831,5.172956585884094,5.734485983848572,5.796575546264648,0.041843488812446594,"[-1.220194697380066, 2.1651294231414795, -1.025592565536499, 1.0202603340148926, 0.5936483144760132, 0.5914371609687805, 0.05751819908618927, -1.1547324657440186, 1.0572221279144287]",5.148490071296692,5.475232005119324,5.605095624923706,0.08909474313259125,"[-1.0623369216918945, 1.9278439283370972, -0.7541362643241882, 1.0467109680175781, 0.5680858492851257, 0.4409702718257904, 0.07677958905696869, -0.9754494428634644, 0.6806738972663879]","[0.4894206128848, -0.42087234874901447, -0.5694740648190233, 0.25922015723787983, 0.1920333061590267, 0.74272764473241, 0.15887594405845284, -0.5253242425588478]"
16,460153,8.232704402515724,5.827447772026062,5.6645238399505615,5.669932961463928,0.38350215554237366,"[-0.16130095720291138, 0.22853606939315796, 0.1565101593732834, 0.3369005620479584, 0.10350421071052551, 0.014983007684350014, 0.17988693714141846, -0.2412988543510437, 0.4023854732513428]",5.302468538284302,5.407816171646118,5.449280142784119,0.2621574401855469,"[-0.630333662033081, 0.9058118462562561, -0.613734781742096, 0.4511336386203766, 0.33286869525909424, -0.05669468641281128, 0.08026368916034698, -0.8890236616134644, 0.6846854090690613]","[-0.3155038836181743, 0.4335517676172769, 0.2613406273003889, 0.8651222472818234, 0.3184317783252346, -0.1628086198803398, -0.8110726528129055, -0.17334589596375283]"
17,316307,8.2,6.088148355484009,6.158643960952759,6.302281022071838,0.22176367044448853,"[0.005170665681362152, 0.1727270931005478, 0.20035970211029053, 0.2974608242511749, 0.2969970107078552, 0.23805177211761475, 0.13114680349826813, 0.03352014720439911, 0.04682532697916031]",5.801836252212524,5.633412599563599,5.706502795219421,0.3085722029209137,"[-0.135349303483963, 0.20637506246566772, 0.02688143402338028, 0.07989501953125, 0.2939719557762146, 0.12446030229330063, 0.13556960225105286, -0.0758276954293251, 0.15189358592033386]","[-0.6197444300829866, -0.010715991747838993, -0.3589536154536277, 0.8127474350986466, 0.12183618117287454, 0.28358579058905375, -0.6051833491557927, -0.08495186284382306]"
18,492106,8.193877551020408,5.727936029434204,6.1423444747924805,6.147876977920532,0.6612794995307922,"[-0.48535972833633423, 0.4819149971008301, -0.08718297630548477, 0.4634813368320465, 0.06429986655712128, 0.0628371462225914, 0.15939271450042725, 0.2551113963127136, -0.32735902070999146]",4.874879717826843,5.072846412658691,5.201346278190613,0.26938334107398987,"[-0.8775478601455688, 1.1277533769607544, -0.280417263507843, 0.44187894463539124, 0.47889870405197144, 0.07973389327526093, 0.10449251532554626, 0.5246199369430542, -0.2294868379831314]","[0.9893616917609489, -0.9544978361644896, 0.9758141472148838, -0.3698289973572868, 0.9135149318829165, -0.5367051270075598, -0.9406597370310876, 0.13935158817058535]"
19,146420,8.144654088050315,5.693221092224121,5.9768760204315186,6.053569316864014,0.03064497746527195,"[-0.6498957872390747, 0.9474939703941345, -0.8125285506248474, 0.4116496741771698, 0.4693484306335449, -0.13253284990787506, 0.1375197470188141, -0.6046869158744812, 0.4556911587715149]",5.096669793128967,5.3679609298706055,5.421113967895508,0.11292877793312073,"[-0.22649186849594116, 0.4436790347099304, -0.3601774573326111, 0.1032169759273529, 0.34026461839675903, 0.08557190746068954, 0.10851243138313293, 0.3212926983833313, -0.01801951602101326]","[-0.9818631469582493, -0.6313095322000497, 0.7271304443617068, -0.06866934687637394, 0.7124251494013922, -0.3115256917151694, -0.17359014040795584, 0.017321035191557144]"
20,1912,8.14027149321267,5.333493947982788,5.37777304649353,5.479053258895874,0.6025946140289307,"[-0.5123962759971619, 0.7083490490913391, -0.33018070459365845, 0.3129396140575409, -0.02872520685195923, 0.22178640961647034, 0.10480352491140366, -0.298230916261673, 0.10693526268005371]",5.169984698295593,4.968583583831787,4.946708679199219,0.3891947269439697,"[0.41097432374954224, 0.3462708294391632, -0.44693082571029663, 0.5089370012283325, -0.06928980350494385, 0.356167197227478, 0.008360981941223145, -0.10221139341592789, -0.15726247429847717]","[-0.671267536642171, -0.07469435995970963, 0.9343830496892653, 0.4943632193485108, 0.9660919063465112, -0.2797666735820832, -0.4441659886337823, 0.9196059921488251]"
21,5139,8.108843537414966,5.226758718490601,5.562769174575806,5.548707842826843,0.10670650005340576,"[0.02704213559627533, -0.0821738988161087, 0.3601369857788086, 0.2127545177936554, 0.3239901661872864, -0.16380394995212555, 0.1471042037010193, 0.25286465883255005, 0.030153833329677582]",4.672723412513733,4.731164872646332,4.747734069824219,0.07310634106397629,"[0.10429397225379944, 0.41926607489585876, -0.0676000788807869, 0.0037153810262680054, 1.0128095149993896, 0.09451886266469955, 0.05189137160778046, 0.18224769830703735, -0.22148744761943817]","[0.011431946402970627, -0.676078055460799, 0.7488167032175357, 0.8243719860730856, 0.4248369106031722, -0.5827163758486522, -0.4531294810992337, 0.7724979326889883]"
22,223730,8.104089219330856,5.898069143295288,6.294236183166504,6.37282133102417,0.25790953636169434,"[-0.07021033763885498, 0.397551953792572, 0.005510158836841583, 0.16501352190971375, 0.5421525239944458, 0.11754057556390762, 0.12225118279457092, -0.3665781319141388, 0.30217280983924866]",5.643312335014343,6.029146313667297,6.052123308181763,0.16324838995933533,"[-0.03690958023071289, 0.21549950540065765, 0.48424357175827026, 0.12060436606407166, 0.41248375177383423, 0.03542371839284897, 0.20615452527999878, 0.015824802219867706, 0.13345631957054138]","[0.056889389088589315, 0.6253359511119347, 0.6531752302441027, 0.834166364199401, -0.07343407291382897, -0.7700392416242221, -0.1808921712628031, 0.9844097723804088]"
23,941514,8.1,5.880767107009888,6.074891090393066,6.2308162450790405,0.4846726655960083,"[-0.1862504780292511, 0.19042058289051056, 0.552733302116394, -0.039250895380973816, 0.25546005368232727, -0.03171934932470322, 0.23749804496765137, 0.4788683354854584, 0.25551676750183105]",5.632292628288269,5.8052366971969604,5.852831602096558,0.6430636048316956,"[-0.15187686681747437, 0.11534664034843445, 0.2942947745323181, 0.06256243586540222, 0.15039223432540894, -0.202276349067688, 0.1548827439546585, 0.1829873025417328, 0.2337765097618103]","[-0.11903182116532429, -0.006159697091989047, 0.11746191918761273, -0.44571432250006127, 0.8899047635240209, 0.8839399164123702, 0.06184670787471558, 0.33796912950513525]"
24,162,8.098765432098766,5.788171887397766,5.207529067993164,5.117005109786987,0.31085342168807983,"[0.07554571330547333, 0.2809636890888214, -0.13340044021606445, 0.10509634017944336, 0.26788052916526794, 0.032861582934856415, 0.08404889702796936, 0.06523467600345612, -0.11700315773487091]",5.835162401199341,5.253430604934692,5.156545639038086,0.35257968306541443,"[-0.08914243429899216, 0.2354862093925476, -0.08279938250780106, 0.0884501039981842, 0.07542350888252258, 0.06840182840824127, 0.1305215060710907, 0.2145334780216217, -0.15550462901592255]","[-0.32743354756729315, 0.6776486880229187, -0.2910298282437451, -0.4866698975181265, -0.11895774010339677, -0.5308165813338386, -0.41909227308468866, 0.27155401077663965]"
25,93797,8.092391304347826,5.583529472351074,5.570135116577148,5.665556192398071,0.44360002875328064,"[-0.0887809619307518, 0.191868394613266, 0.31666430830955505, 0.10664263367652893, 0.1127607524394989, 0.1366184651851654, 0.210404172539711, 0.20732977986335754, 0.11916309595108032]",5.336825847625732,5.268887877464294,5.214464068412781,0.2731703221797943,"[-0.16987556219100952, 0.44595107436180115, -0.21139174699783325, 0.12860634922981262, 0.34423205256462097, 0.20972037315368652, 0.1350955069065094, -0.17036688327789307, -0.027634240686893463]","[-0.7836365798635272, -0.25435622896662613, 0.2829156340883334, 0.9777450072850593, -0.09787535959211735, 0.39963144793350125, -0.7017948956641478, 0.9206976049441906]"
26,8266,8.090579710144928,5.179566144943237,5.474804639816284,5.519384741783142,0.5530858039855957,"[-0.04708925634622574, 0.4413076341152191, 0.4713749587535858, 0.37201282382011414, 0.21285519003868103, 0.5446699857711792, 0.1833174228668213, 0.5644021034240723, -0.4314746856689453]",5.352982878684998,5.406615138053894,5.426042675971985,0.34396597743034363,"[0.07482209801673889, 0.14152948558330536, 0.5898885726928711, 0.021481424570083618, 0.2858520746231079, 0.3968804180622101, 0.1975274533033371, 0.5098870992660522, -0.033055707812309265]","[0.7528062633136015, -0.5353559188052177, -0.9162566835710186, -0.46399928457634676, -0.45507457745660496, -0.4512771654657659, -0.520142458290549, 0.4361912749676864]"
27,820923,8.074257425742575,6.005363464355469,6.325547099113464,6.385959982872009,0.7117173075675964,"[-0.4316031336784363, 0.9214726090431213, 0.25496330857276917, 0.9656352996826172, 0.3525005578994751, 0.5021011233329773, 0.11515367776155472, 0.20233717560768127, 0.06310893595218658]",5.8991628885269165,6.2208491563797,6.194405555725098,0.2524718940258026,"[0.06945223361253738, 0.16722139716148376, 0.4183577001094818, 0.13092592358589172, 0.4052984118461609, 0.27033403515815735, 0.19526028633117676, 0.6874749660491943, -0.3428783118724823]","[0.44970259209619057, 0.4739552414563488, 0.13754469641831824, 0.9533042851590261, 0.7359720449260856, -0.8597539400031808, 0.8994850248990691, 0.7841904330055496]"
28,166567,8.072874493927126,5.625990033149719,6.127462387084961,6.136919856071472,0.2600768208503723,"[-0.036187417805194855, -0.13525371253490448, 0.5255005359649658, -0.2422206848859787, 0.04437458515167236, -0.06695981323719025, 0.24523089826107025, 0.26078757643699646, 0.17362312972545624]",5.205655097961426,4.831823408603668,4.932927191257477,0.694707453250885,"[0.23983708024024963, 0.35996565222740173, 0.08084224164485931, 0.3550383150577545, 0.22038936614990234, 0.7845538854598999, 0.06772144138813019, -0.15934526920318604, -0.33641698956489563]","[-0.4532562382443355, -0.4562903940902987, -0.05508286507594451, 0.8883433232250941, 0.9902086904527252, -0.6971391723864204, -0.963807960031251, -0.4233185124771941]"
29,429277,8.06392694063927,6.445341110229492,6.184065341949463,6.113731265068054,0.5093353986740112,"[0.07649387419223785, -0.012865877710282803, 0.28149911761283875, 0.03602847456932068, 0.19299514591693878, -0.034841980785131454, 0.18162645399570465, -0.3309312164783478, 0.2654655873775482]",5.809747576713562,5.592225790023804,5.608639717102051,0.2630172669887543,"[-0.048257432878017426, 0.1456853300333023, 0.15828657150268555, 0.016049176454544067, 0.06663839519023895, -0.025269417092204094, 0.13735651969909668, -0.3187013268470764, 0.36360689997673035]","[-0.12674166647054808, -0.9127379575500838, 0.8396398929493027, -0.12403473971925716, 0.5738729107472371, -0.27002417738969364, 0.7177136327380595, -0.01161572541278133]"
30,34000,8.058394160583942,5.760765075683594,5.632120966911316,5.662046670913696,0.18187206983566284,"[0.03145875036716461, 0.0838920995593071, 0.3075385093688965, -0.2436426728963852, 0.45972517132759094, 0.06737489998340607, 0.1926751285791397, 0.06354394555091858, 0.25528204441070557]",5.352327227592468,5.5860137939453125,5.591168403625488,0.2456195205450058,"[-0.027197085320949554, 0.23109762370586395, 0.190188467502594, -0.11044150590896606, 0.4373413920402527, 0.12557490170001984, 0.1741875261068344, 0.19410142302513123, 0.05020923167467117]","[-0.26528037217283873, 0.6742972180969653, 0.6366732916149875, -0.5448877940040844, -0.4537618340517715, -0.05116643815466837, -0.4320080683339258, -0.8036363979602636]"
31,952960,8.055944055944057,6.190829277038574,6.0626524686813354,6.078481674194336,0.39607176184654236,"[0.0014155581593513489, 0.107143335044384, 0.8636338114738464, 0.07527157664299011, 0.17337214946746826, 0.36096498370170593, 0.2734699249267578, 0.4326649010181427, -0.06649242341518402]",6.1076802015304565,6.3391172885894775,6.345594525337219,0.5576818585395813,"[0.14029265940189362, -0.0833548903465271, 1.0098180770874023, -0.1180264800786972, 0.12073969841003418, 0.13588371872901917, 0.29208362102508545, -0.04054098576307297, 0.4136599898338318]","[0.6881072635785241, 0.8696603942816239, 0.5187202467746668, -0.4097822578933954, 0.3438426499604488, -0.48393143459204113, 0.3006219897206541, 0.47673289756147175]"
32,603787,8.048543689320388,5.062863230705261,5.293261408805847,5.312305688858032,0.44106554985046387,"[0.37200260162353516, 0.2038809061050415, 0.47557246685028076, 0.26389360427856445, 0.427593469619751, 0.3841853439807892, 0.16949471831321716, 0.4754783809185028, -0.5747888088226318]",4.422552585601807,4.792582392692566,4.786024689674377,0.00963499490171671,"[0.27970749139785767, -0.5499370098114014, 0.7973071336746216, -0.5438759326934814, 0.2613101303577423, -0.2532093822956085, 0.17923438549041748, 0.36268579959869385, -0.6947605609893799]","[-0.46745712197530587, -0.8213714738201336, -0.8022522165001196, -0.007969358680432359, 0.6453764039623964, 0.22484104451324338, -0.8335849437911926, -0.12375983381074906]"
33,71,8.044943820224718,4.763615131378174,4.960188269615173,5.060936808586121,0.11880306154489517,"[-0.4120129942893982, 0.9617382287979126, -0.6362957954406738, 0.37779709696769714, 0.6433448791503906, 0.26887452602386475, 0.029534295201301575, 0.1799449324607849, -0.4512932300567627]",4.652530550956726,4.853684902191162,4.930818676948547,0.20239420235157013,"[-0.431708425283432, 1.1068228483200073, -0.7416795492172241, 0.5390695333480835, 0.580777645111084, 0.21837933361530304, 0.028038382530212402, -0.4059295058250427, -0.249862939119339]","[-0.510297701745059, -0.29826011594975044, -0.343616516824339, -0.6528629823673584, 0.7736176383580946, -0.6696855583337955, 0.3224509058536589, 0.2619661804659774]"
34,438768,8.043956043956044,5.416048169136047,5.767999887466431,5.8452653884887695,0.5968911647796631,"[0.0804358422756195, -0.40248337388038635, 1.5250678062438965, -0.21792665123939514, 0.10820481181144714, 0.030906038358807564, 0.27923333644866943, 0.15029215812683105, 0.5877377986907959]",5.022409558296204,5.028340220451355,5.067806243896484,0.14156582951545715,"[0.02863457053899765, -0.38115379214286804, 0.5984137654304504, -0.5734128952026367, -0.0030393600463867188, -0.0747244730591774, 0.2108449637889862, 0.2982657551765442, -0.23098953068256378]","[-0.031123929517210325, -0.4788198661748271, 0.34603988346164627, -0.7650914780385911, -0.14740581453588586, -0.6584286877577583, 0.8773672102500749, -0.8846298815542006]"
35,429294,8.043478260869565,6.207386255264282,6.133133769035339,6.166858077049255,0.22538916766643524,"[0.31135475635528564, -0.07827537506818771, 0.16061502695083618, -0.08889807760715485, 0.3053659200668335, -0.02487960271537304, 0.11160331964492798, 0.13176099956035614, -0.26275181770324707]",5.698947310447693,5.452352166175842,5.502039194107056,0.340743750333786,"[8.94404947757721e-05, 0.3425331115722656, 0.226356640458107, 0.2155269980430603, 0.2343825250864029, 0.3252594470977783, 0.10611675679683685, -0.12507349252700806, 0.14584574103355408]","[-0.026864145347506474, -0.7392884792864449, 0.7368030346125618, 0.7626245640625, 0.39709231521103083, 0.16791877714549552, -0.4468646199289219, -0.7830399632359526]"
36,14852,8.043010752688172,5.995706915855408,5.344287157058716,5.3414469957351685,0.29194971919059753,"[0.0133744478225708, -0.18447425961494446, 0.44104987382888794, -0.1987750083208084, 0.08267711102962494, -0.03629978001117706, 0.25050443410873413, 0.04209751635789871, 0.14166602492332458]",5.732710361480713,5.275193452835083,5.219707489013672,0.13663241267204285,"[-0.2996048331260681, 0.32965990900993347, -0.20605894923210144, 0.06795424222946167, 0.31089094281196594, 0.03386535495519638, 0.13941611349582672, 0.09890482574701309, 0.07062924653291702]","[0.21510670890165118, -0.44062407876107823, 0.5887375722579578, 0.09960605275496914, -0.8031220248891271, -0.728917061611402, 0.8290178667705281, 0.06602647568678721]"
37,473436,8.042105263157895,5.488710403442383,5.86431086063385,5.948421955108643,0.7225932478904724,"[0.13168862462043762, 0.1053970456123352, 0.5569627285003662, 0.21500706672668457, -0.09775176644325256, 0.15704096853733063, 0.17725199460983276, 0.2462761104106903, -0.013448663055896759]",5.460630655288696,5.829204320907593,5.833609104156494,0.4252457320690155,"[0.2700954079627991, -0.44720661640167236, 1.2532696723937988, -0.32877296209335327, -0.16385596990585327, -0.13937906920909882, 0.29753321409225464, 0.21102407574653625, 0.47332990169525146]","[0.9499781989773963, -0.6003238174500469, -0.8517074166472665, -0.0027783136834684807, 0.7884929876840014, 0.6365534382054123, 0.24100562254216684, 0.6640926290495535]"
38,946,8.039408866995075,5.641295313835144,6.177809238433838,6.256704330444336,0.18915921449661255,"[-0.5133647322654724, 0.729119598865509, -0.3407716751098633, 0.03197157382965088, 0.47230613231658936, 0.2712363004684448, 0.07609555125236511, 0.08539395034313202, 0.13325855135917664]",5.58707594871521,5.445890426635742,5.526739954948425,0.13944321870803833,"[-0.4852931499481201, 0.5076127648353577, 0.11914309114217758, 0.05158960819244385, 0.40390342473983765, 0.1469862163066864, 0.15662746131420135, -0.1362190544605255, 0.07342155277729034]","[-0.7720134855289882, -0.9256754168129335, 0.01420549869169574, -0.6969348309037915, 0.2484847827868708, 0.3496664276197634, -0.7310323574743056, 0.22997617662810188]"
39,623775,8.029045643153527,6.324877142906189,5.94382107257843,5.982624292373657,0.19581139087677002,"[-0.37743937969207764, 0.6655443906784058, -0.03795362263917923, 0.38328632712364197, 0.13443177938461304, 0.3105824291706085, 0.18478623032569885, -0.3777616620063782, 0.3058329224586487]",5.795285701751709,5.549823045730591,5.624876022338867,0.19954253733158112,"[0.013568039983510971, 0.06412152200937271, 0.42583319544792175, 0.03455537557601929, 0.14902113378047943, 0.16798296570777893, 0.2530727982521057, -0.07872072607278824, 0.10619235038757324]","[0.5208783092926434, 0.25164468002019635, 0.4653871122761539, 0.4204781339613337, -0.9168441432719598, 0.7202052548740827, 0.6970749224527508, -0.4184000001815573]"
40,838173,8.024,5.9270888566970825,6.165423393249512,6.170903444290161,0.7283428907394409,"[-0.1591915488243103, 0.41456177830696106, 0.5768271088600159, 0.058865368366241455, 0.3825017213821411, 0.47748854756355286, 0.1780271828174591, 0.09610064327716827, 0.2930670976638794]",5.568806529045105,5.626049637794495,5.747156739234924,0.15114589035511017,"[-0.7571876049041748, 1.4761602878570557, -0.8960065841674805, 0.4681907594203949, 0.6176234483718872, 0.5096503496170044, 0.053303755819797516, -0.8731220960617065, 0.3990572690963745]","[-0.3569380152592341, -0.5288185743224461, -0.3716737091609872, 0.048569307371588266, 0.34290894018575524, -0.7442113266983286, 0.5307616823705879, 0.9828816493965686]"
41,743467,8.017857142857142,5.582370162010193,5.462993383407593,5.411404371261597,0.5970559120178223,"[0.026397740468382835, 0.06667910516262054, 0.06887471675872803, -0.0673644095659256, 0.22536537051200867, -0.026228679344058037, 0.1410476565361023, 0.027491383254528046, -0.08451542258262634]",5.458841323852539,5.050283670425415,5.054113268852234,0.4027516841888428,"[-0.018611125648021698, 0.12503722310066223, 0.19520041346549988, 0.07078585028648376, 0.10127805173397064, 0.02579064480960369, 0.175503671169281, 0.04114892706274986, -0.09815024584531784]","[0.9005447870666115, -0.2863292777672617, 0.5572927428997971, -0.5146824812873496, 0.6848206244810906, 0.29498395602339156, -0.4250096866539328, 0.7620798431083422]"
42,64527,8.013392857142858,6.117929220199585,6.126729846000671,6.288341283798218,0.47895076870918274,"[-0.19139298796653748, 0.23246006667613983, 0.011667437851428986, 0.1618502140045166, 0.21109743416309357, 0.04289855808019638, 0.15060561895370483, 0.435205340385437, -0.5321645736694336]",4.768288731575012,5.750075578689575,5.663930773735046,0.5090101361274719,"[0.28029826283454895, 0.2113545835018158, -0.2501704692840576, -0.2137431800365448, 0.7200030088424683, 0.3563213646411896, 0.005120590329170227, 0.34432920813560486, -0.7999888062477112]","[-0.15086365040147864, -0.6077862688238962, 0.5096936359173327, -0.3690631943403948, -0.870435764473489, -0.7718176903062166, -0.5925128013142276, -0.42065955826379]"
43,738273,8.006024096385541,5.846199989318848,6.042436361312866,6.012150049209595,0.5471678376197815,"[0.10563350468873978, 0.3487854599952698, 0.29769209027290344, 0.15674453973770142, 0.166513130068779, 0.29438942670822144, 0.16930308938026428, 0.2704090178012848, -0.17237719893455505]",5.76770544052124,5.853096842765808,5.860998034477234,0.8016822934150696,"[0.12832245230674744, 0.19627584517002106, 0.2712036073207855, 0.04719826579093933, 0.10810431838035583, 0.026603994891047478, 0.15359841287136078, 0.1749075949192047, -0.11290980130434036]","[-0.5062674893931192, 0.6563220631150435, 0.7256156283162254, 0.6959580199470061, 0.28250626362808884, -0.019125649612678153, 0.4269072636845759, 0.15693842199608832]"
44,950440,8.0,5.663634538650513,6.254987120628357,6.3150787353515625,0.5503560304641724,"[-0.4373515844345093, 0.9110502004623413, 0.4170045852661133, 0.3623999059200287, 0.2793346047401428, 0.341815322637558, 0.2330140471458435, 0.6746201515197754, 0.014767862856388092]",5.820778012275696,6.107794642448425,6.2619322538375854,0.7957775592803955,"[-0.23554077744483948, 0.56625896692276, 0.5143521428108215, 0.3483215868473053, 0.17155325412750244, 0.36303892731666565, 0.19291822612285614, 0.8350062370300293, -0.2527105212211609]","[0.9196185145430229, 0.5701272548820122, -0.13393434611730615, 0.3847281174478099, -0.2187347756070257, -0.6088869257597096, 0.03236497379420089, 0.22652246913045104]"
45,476656,8.0,5.694150328636169,6.23041033744812,6.227726340293884,0.3752654194831848,"[-0.196376770734787, 0.5001459121704102, -0.017493896186351776, 0.4045574367046356, 0.3831111788749695, 0.06291217356920242, 0.18061500787734985, 0.05328546091914177, -0.11454552412033081]",5.508411526679993,6.152899861335754,6.1288779973983765,0.2676055133342743,"[0.010107990354299545, 0.012980682775378227, 0.3494081199169159, 0.10054886341094971, 0.2094634473323822, -0.34768688678741455, 0.21909821033477783, -0.3502389192581177, 0.36467689275741577]","[0.8078184048953498, -0.14566299508102176, -0.9021554010708615, -0.39986015597047664, 0.1325606510745072, -0.04303554743937976, 0.11672625981461926, 0.6608173240649016]"
46,850056,8.0,5.7372963428497314,5.829049348831177,5.890835523605347,0.794870913028717,"[-0.19061079621315002, 0.28333431482315063, 0.07961587607860565, -0.008953109383583069, 0.17354834079742432, -0.3260636031627655, 0.21992142498493195, -1.0217816829681396, 0.9800687432289124]",5.117554664611816,5.462562441825867,5.44474720954895,0.37377452850341797,"[-0.6664177179336548, 1.0101405382156372, 0.11918856203556061, 0.5250182151794434, 0.3640831708908081, 0.2723727822303772, 0.17548903822898865, -0.18754294514656067, 0.43507495522499084]","[0.5136616297976626, -0.7835883291436865, 0.04871840285595064, 0.9179749813352456, -0.5395056946009757, 0.2739173489443061, -0.6950658578160704, 0.908205917831094]"
47,59876,8.0,5.796745419502258,5.8631449937820435,5.810571908950806,0.7182042598724365,"[-0.37902432680130005, 0.8522546887397766, -0.055901624262332916, 0.5382460355758667, 0.2883368134498596, 0.5335239171981812, 0.08887005597352982, -0.12111750990152359, 0.17418989539146423]",5.6491804122924805,5.5596864223480225,5.402376055717468,0.9248939752578735,"[-0.25534379482269287, 0.8989779949188232, -0.3170190155506134, 0.43680456280708313, 0.5113880634307861, 0.5902313590049744, 0.059956565499305725, -0.6602107286453247, 0.22664985060691833]","[-0.7305866384169464, -0.10149166471082838, -0.41170613133161327, -0.5539806822014712, -0.1701955047542767, -0.7282160517676595, 0.5555385452195081, -0.49218097940136163]"
48,947347,7.993788819875776,5.73665976524353,5.78715980052948,5.692605972290039,0.3080810606479645,"[-0.011437200009822845, 0.41697338223457336, -0.2930474579334259, 0.12511003017425537, 0.32634618878364563, 0.31233689188957214, 0.0888751819729805, -0.30546697974205017, 0.19688427448272705]",4.641495645046234,4.865484833717346,4.91948664188385,0.15075074136257172,"[-0.26927435398101807, 0.4124181568622589, -0.3685298264026642, -0.36174172163009644, 0.25217700004577637, 0.09914610534906387, 0.07087922096252441, -0.3070165812969208, 0.2334495186805725]","[-0.5773323869750868, -0.39223941474876756, -0.8763642254203527, -0.2195390346023265, 0.5156193819332935, 0.31583751956750006, -0.770573242868728, 0.5029935328241519]"
49,685066,7.989189189189189,5.514233112335205,5.734845995903015,5.7600802183151245,0.7010998725891113,"[-0.22590142488479614, 0.40202245116233826, 0.04734589532017708, 0.4514000713825226, -0.1079619824886322, 0.20114706456661224, 0.11670215427875519, -0.23194104433059692, 0.23997557163238525]",5.598698258399963,5.709474086761475,5.7468366622924805,0.638554036617279,"[0.4130938947200775, 0.20848111808300018, -0.05812167376279831, 0.30629411339759827, 0.03306865692138672, 0.32446348667144775, 0.10111574083566666, 0.3814919888973236, -0.20839862525463104]","[0.6443126903640684, 0.9553020641326733, 0.13249260701682064, -0.650722870571012, -0.47709058520656344, 0.9966005046414614, -0.12196050018180205, -0.5029096263148669]"
50,281896,7.98744769874477,5.855292081832886,5.729631185531616,5.735700726509094,0.06644683331251144,"[-0.3110630214214325, 0.1735531985759735, -0.14117038249969482, -0.33079391717910767, 0.19249820709228516, -0.22998979687690735, 0.19343063235282898, -0.127657949924469, 0.3805270493030548]",5.939311385154724,5.196349620819092,5.304186940193176,0.17983143031597137,"[0.3440968990325928, -0.2847093641757965, 0.284153014421463, -0.47938811779022217, 0.1523320972919464, -0.03443644940853119, 0.21013402938842773, 0.21967604756355286, -0.0883181095123291]","[0.25146355324857295, 0.8545231298328158, 0.9098264382891956, 0.8656074568915, 0.9192061153433748, -0.7631540446526168, -0.32080853264618403, 0.3628304534470459]"
51,727495,7.985365853658537,5.885278582572937,6.013835072517395,6.01762056350708,0.3648745119571686,"[-0.07470124214887619, 0.22907251119613647, -0.5657384991645813, 0.07849684357643127, 0.055669620633125305, -0.11030928045511246, 0.10665257275104523, -0.3699992895126343, -0.11803148686885834]",5.245802402496338,5.237897038459778,5.179508328437805,0.3595966100692749,"[-0.2077852487564087, 0.2464035451412201, -0.5186008810997009, 0.07619798183441162, 0.185760498046875, -0.061841435730457306, 0.08645201474428177, -1.0665754079818726, 0.37658071517944336]","[-0.13767107863404582, -0.7705412753294407, 0.41977706020619077, -0.8461740260791282, -0.45159705251146187, -0.5226839463716004, -0.8052642622924349, 0.2543845708947312]"
52,796713,7.98170731707317,5.4532694816589355,5.895568132400513,5.821593999862671,0.34632185101509094,"[-0.054964832961559296, -0.11096139997243881, 1.203027367591858, 0.050660789012908936, 0.2626590430736542, 0.11614765971899033, 0.2613404095172882, 0.5917009115219116, 0.2673332691192627]",5.175579190254211,5.510155558586121,5.568016767501831,0.1605137586593628,"[-0.16020074486732483, 0.1363021433353424, 0.3487323224544525, 0.017296016216278076, 0.39065268635749817, 0.03730548918247223, 0.20170322060585022, 0.06751194596290588, 0.23231732845306396]","[-0.744449368844458, 0.3093326444746718, 0.8823021839621037, -0.94213120546629, -0.9294918912180767, 0.821796607607274, -0.2694340358162879, -0.9229779438926125]"
53,279671,7.978339350180505,5.3394997119903564,6.045140027999878,6.182265281677246,0.02370111085474491,"[-0.6926417350769043, 0.5908074378967285, -1.2376306056976318, 0.04752442240715027, 0.7349025011062622, -0.7436432838439941, 0.10135865211486816, -1.5923429727554321, 1.1861653327941895]",4.686573147773743,5.0626397132873535,5.08215069770813,0.06814063340425491,"[-1.626886010169983, 1.9823052883148193, -1.2923983335494995, 1.2432670593261719, 0.534914493560791, 0.531802773475647, 0.05006640404462814, -0.34610623121261597, 0.22953546047210693]","[0.35934312094923393, -0.8083788661749314, 0.9960296130637423, 0.7392241691695272, 0.1748010954419379, 0.0894596085072834, 0.31604587440345955, -0.3277995642774192]"
54,24559,7.959349593495935,5.597965121269226,5.663367509841919,5.686216950416565,0.9692813754081726,"[-0.5092788934707642, 1.027003526687622, 0.5078428983688354, 1.0173109769821167, 0.3356226980686188, 0.04846177250146866, 0.1930941790342331, 0.6426644921302795, -0.38861027359962463]",5.288253426551819,5.403556227684021,5.406994819641113,0.7781406044960022,"[-0.31905514001846313, 0.37884968519210815, 0.2760828137397766, 0.34586867690086365, 0.3679116368293762, -0.23525932431221008, 0.1726342886686325, 0.34467026591300964, -0.3418874442577362]","[0.9083773539479076, -0.19038243187528892, -0.9204269973096695, -0.3118965355048051, -0.3971732561650909, -0.926276413344578, -0.028914125466596108, 0.47604730923469485]"
55,685248,7.95575221238938,6.1035919189453125,6.048982739448547,5.96177875995636,0.18470224738121033,"[-0.34423235058784485, 0.2970651090145111, -0.031098254024982452, -0.09333528578281403, 0.21826891601085663, 0.03729580342769623, 0.1744920313358307, -0.08855747431516647, 0.3953438997268677]",4.980525374412537,5.010643005371094,5.1185572147369385,0.2094326764345169,"[-0.2455226182937622, 0.454850971698761, -0.8095212578773499, -0.0455876886844635, 0.29650285840034485, -0.16658607125282288, 0.05391158163547516, -0.6551740169525146, 0.37256282567977905]","[-0.8193859349838735, -0.7778792859439556, 0.6088046706080026, -0.7134927108590987, -0.7027986107865651, 0.7141193171426532, -0.6261541137615534, 0.8916512875272753]"
56,284420,7.954545454545454,5.423749089241028,6.200164556503296,6.1834728717803955,0.39387795329093933,"[0.04488900303840637, 0.17404043674468994, 0.25169408321380615, 0.10805505514144897, 0.12451985478401184, -0.046236418187618256, 0.16257844865322113, 0.05137506127357483, 0.3488151729106903]",5.786030888557434,6.307627558708191,6.327869296073914,0.4967741072177887,"[0.6056234240531921, 0.07824504375457764, 0.5155026912689209, 0.27287623286247253, 0.19305852055549622, 0.4457998275756836, 0.1720648556947708, 0.04076003655791283, 0.22196528315544128]","[-0.7833304674467261, 0.735006569323208, -0.3631650139513445, -0.28693231368850625, 0.5056328994452794, 0.3018706882382709, 0.571396620709818, -0.12396162049436521]"
57,105190,7.9525,6.383447051048279,5.808781385421753,5.855250358581543,0.557171642780304,"[0.23553583025932312, 0.17937883734703064, 0.31949329376220703, 0.48165079951286316, 0.19766804575920105, 0.2741392254829407, 0.0988539606332779, 0.34087666869163513, -0.3285101056098938]",5.808014869689941,5.240626335144043,5.2883923053741455,0.41031908988952637,"[-0.023391403257846832, 0.4155374765396118, -0.06013689190149307, 0.25387778878211975, 0.3370538353919983, 0.2509397864341736, 0.10233839601278305, 0.09360262006521225, -0.3362131416797638]","[-0.9704798157209926, -0.4784631231278662, 0.18974805344954104, -0.24387394180336686, 0.3064166024589765, -0.5755217117048919, -0.7918105466495, -0.5609217766559138]"
58,784654,7.950276243093922,5.789400339126587,5.64538300037384,5.700642466545105,0.16036134958267212,"[0.08699724078178406, 0.04593334347009659, 0.48498836159706116, -0.04465894401073456, 0.36904221773147583, 0.10866554826498032, 0.1959725171327591, 0.18590760231018066, 0.21855813264846802]",5.634605288505554,5.081021189689636,5.169399380683899,0.1883872002363205,"[0.046669136732816696, 0.0691128522157669, 0.5742143392562866, -0.05311045050621033, 0.3542790710926056, 0.10738905519247055, 0.2142566442489624, 0.28346121311187744, 0.0471927672624588]","[-0.3249573028992767, -0.22297317250918702, 0.4332197961778108, -0.5510750086350422, 0.29468924020227205, -0.7183945637797446, -0.8336171959327416, 0.9453241320454642]"
59,571479,7.944954128440367,6.243162155151367,6.095883250236511,5.961813926696777,0.9999785423278809,"[-0.6377162933349609, 0.5172588229179382, 0.3478143811225891, 0.5499873161315918, -0.2975996434688568, -0.049194104969501495, 0.015608340501785278, 0.027202747762203217, 0.37270963191986084]",5.584766864776611,5.074785351753235,5.146762132644653,0.9032840132713318,"[-0.8770894408226013, 1.1057138442993164, -0.09593942016363144, 0.562319278717041, 0.05442410707473755, 0.39825737476348877, 0.05126536637544632, 0.05602578818798065, 0.5914541482925415]","[-0.2413016494599074, -0.6347820367396761, 0.5597275633548093, -0.43266071081748536, 0.40142563498851924, 0.8445218874988647, -0.3527827812296096, -0.5778855740989752]"
60,751752,7.942622950819672,5.681430101394653,5.826847553253174,5.836134552955627,0.6179133653640747,"[-0.16721832752227783, 0.15513768792152405, 0.5349801778793335, 0.31157055497169495, 0.1163867861032486, -0.056302510201931, 0.21128720045089722, 0.0644000768661499, 0.2867470979690552]",5.629539489746094,5.669371485710144,5.724512338638306,0.6036226749420166,"[-0.046479545533657074, 0.11047208309173584, 0.23932749032974243, 0.07939395308494568, 0.11742988228797913, 0.057003460824489594, 0.16222772002220154, 0.052068211138248444, -0.0030019059777259827]","[-0.8547972470422371, 0.04184126068595484, 0.6391013262139784, -0.688025284516834, -0.32582930071464133, -0.1265044770436352, -0.00486036909138754, -0.10314012077387158]"
61,36020,7.9411764705882355,6.1580634117126465,5.889658331871033,5.928043723106384,0.4285155236721039,"[0.024730853736400604, 0.21060645580291748, 0.09312152862548828, 0.058073610067367554, 0.2767549455165863, 0.05296310782432556, 0.12166188657283783, -0.07571763545274734, -0.02808959409594536]",5.637388825416565,5.298029780387878,5.370283126831055,0.4366149604320526,"[0.03861318156123161, 0.4291301965713501, -0.030213721096515656, 0.2993414103984833, 0.31518590450286865, 0.21672262251377106, 0.09932841360569, 0.18447408080101013, -0.4067345857620239]","[-0.8399966644054213, 0.4931396886339863, 0.027666278263394073, -0.8750430382161254, 0.8110989825433479, 0.4172116365515477, -0.7126085259452763, -0.6873773152653695]"
62,507407,7.940711462450593,5.344500541687012,5.885577201843262,5.7678139209747314,0.5058568716049194,"[-0.02698325365781784, 0.02474064938724041, 0.33181196451187134, -0.2336190938949585, 0.15345437824726105, -0.1227862611413002, 0.20159314572811127, 0.31480392813682556, 0.07907986640930176]",5.0364696979522705,5.27971088886261,5.186666250228882,0.3704206347465515,"[-0.10754627734422684, 0.5854771137237549, -0.4075263738632202, 0.27997151017189026, 0.36507242918014526, 0.29794102907180786, 0.053991228342056274, 0.047471560537815094, -0.11391358822584152]","[-0.11321208395708338, -0.6332590711269246, 0.8373597049331989, -0.33793032558234115, 0.16031416264600562, -0.6984996256233689, 0.6238010088931769, -0.5953326711155162]"
63,282241,7.938144329896907,5.6682586669921875,5.5915093421936035,5.600687861442566,0.1627439260482788,"[0.15056143701076508, 0.005973709747195244, 0.37652307748794556, 0.08319547772407532, 0.12591110169887543, 0.2827184200286865, 0.1781332641839981, 0.1974952518939972, -0.1662643998861313]",4.849471151828766,4.564249515533447,4.624737799167633,0.21944893896579742,"[-0.056312061846256256, 0.1303577721118927, 0.2135051190853119, -0.10742930322885513, 0.1975848525762558, 0.1800873577594757, 0.13381266593933105, 0.5437719821929932, -0.4003596603870392]","[0.7534448987184235, -0.6162145887737602, 0.18361399115783894, 0.7812000007510593, 0.7122442071579513, -0.33475723058351825, 0.19098042978057816, 0.6407800359632048]"
64,491067,7.936585365853658,5.811918377876282,5.886768102645874,5.955443978309631,0.3681430518627167,"[-0.25123655796051025, 0.3453024923801422, 0.01435791701078415, 0.24037468433380127, 0.024611011147499084, 0.08954081684350967, 0.1432366818189621, -0.08467146009206772, -0.0036150552332401276]",6.059597134590149,6.110175848007202,6.05124831199646,0.4578583538532257,"[0.16461941599845886, 0.35472699999809265, 0.5633253455162048, 0.665147066116333, 0.1639856994152069, 0.32934948801994324, 0.15275448560714722, 0.2677801251411438, 0.14237160980701447]","[0.5351745337966709, 0.7215859804594169, -0.05347808147923683, -0.5037828038637653, 0.1511867131693907, -0.0007234870134849025, 0.8190295486971606, -0.516654550397398]"
65,918646,7.936170212765957,5.562317371368408,5.581352114677429,5.605496168136597,0.017329035326838493,"[0.5570940971374512, -0.09317842125892639, -0.07573965936899185, -0.2811931371688843, 0.7624602317810059, 0.4048811197280884, 0.11027050018310547, 0.15285739302635193, -0.4894832372665405]",4.983898103237152,5.385810136795044,5.352047085762024,0.1729423552751541,"[-0.13014736771583557, 0.628296434879303, 0.15280553698539734, 0.7204550504684448, 0.21811366081237793, 0.5410520434379578, 0.1690387725830078, 0.2584145665168762, 0.23128676414489746]","[-0.2497849317478058, 0.014513437122262607, 0.6797401856631804, -0.8286890285238009, 0.03319638824073179, 0.617882086040171, -0.6652074487426802, -0.9322488972275538]"
66,509286,7.932735426008969,5.525525212287903,5.634649991989136,5.7043421268463135,0.14391648769378662,"[-0.10570412129163742, 0.21676158905029297, 0.6661472320556641, 0.3109606206417084, 0.2761058509349823, 0.22356532514095306, 0.3106154203414917, 0.22821947932243347, 0.24023258686065674]",5.572081804275513,5.3840696811676025,5.450308322906494,0.10663338750600815,"[0.23161303997039795, 0.03522716462612152, 0.2318645417690277, 0.3275441825389862, 0.30525094270706177, 0.2397625744342804, 0.15302792191505432, -0.08892766386270523, 0.18181270360946655]","[-0.6063003722664373, -0.6041679420983972, 0.05532118801244423, 0.8626310963673307, -0.8055255195721187, 0.8354598335854839, 0.9016657276226696, -0.10146362807066489]"
67,669367,7.931034482758621,5.635958909988403,5.322314500808716,5.395796895027161,0.033646173775196075,"[0.20116102695465088, -0.19233198463916779, 1.0538626909255981, 0.24582284688949585, -0.047160595655441284, 0.3690311312675476, 0.3356189429759979, -0.26614636182785034, 0.3332259953022003]",5.719634294509888,5.381572246551514,5.412795543670654,0.29182109236717224,"[0.17863506078720093, 0.4627254903316498, 0.45758676528930664, 0.5161027908325195, 0.2221415936946869, 0.5878785848617554, 0.1849445104598999, 0.46486473083496094, -0.4849715828895569]","[0.3912290074155673, 0.9028372452783304, 0.46845344709869763, -0.14388054455754729, -0.05038792637235834, 0.6563400842175016, 0.675198627899368, -0.4083495373493782]"
68,326495,7.928082191780822,5.233944058418274,5.545074939727783,5.572290420532227,0.3462543785572052,"[-0.27056747674942017, 0.46354249119758606, 0.40855833888053894, 0.17982974648475647, 0.5862966775894165, 0.1723811775445938, 0.15513154864311218, 0.25811538100242615, 0.06856072694063187]",4.995903968811035,4.882211685180664,4.800364971160889,0.207208514213562,"[0.1037210002541542, 0.09672156721353531, 0.5157359838485718, -0.08576443791389465, 0.4305550158023834, 0.11098556965589523, 0.16729456186294556, 0.3400353491306305, 0.26243752241134644]","[-0.7192698673077933, 0.11412115128148415, -0.6359321929591935, -0.8101119821168954, 0.7461603618180952, -0.4979263331966963, 0.6478303018084761, -0.8361119378361292]"
69,2206,7.920168067226891,5.240079760551453,5.830982327461243,5.652418732643127,0.47353509068489075,"[0.2580161392688751, -0.0758754312992096, 0.06492261588573456, -0.17647850513458252, 0.10105541348457336, 0.01778765209019184, 0.13808263838291168, -0.28324204683303833, -0.0555763840675354]",5.303066968917847,5.786063075065613,5.6274861097335815,0.5230321288108826,"[0.522761881351471, -0.17682525515556335, -0.004400797188282013, -0.08493222296237946, 0.19944463670253754, -0.06025497615337372, 0.1306782215833664, -0.39841073751449585, 0.24796795845031738]","[0.48620549523762047, 0.8363592402726989, 0.0436853134224906, 0.7187680169104689, 0.8331680933442582, -0.4874990594957602, -0.6068878644910434, 0.512413696643031]"
70,598086,7.92,5.899105072021484,5.915485620498657,5.974963307380676,0.25096967816352844,"[0.05126972496509552, 0.07403948903083801, 0.6237015128135681, -0.14368531107902527, 0.3353343605995178, 0.2249474823474884, 0.23186007142066956, 0.18843436241149902, 0.2708502411842346]",4.875689446926117,4.570128321647644,4.717662334442139,0.08021068572998047,"[-0.1877659261226654, 0.7257933020591736, -0.4893115758895874, 0.24619445204734802, 0.7018774747848511, 0.38263747096061707, 0.07266189157962799, 0.3512634038925171, -0.44370779395103455]","[-0.19854077104687473, -0.6016436882144436, -0.31177454627321377, 0.3429288188084836, -0.6663513527033706, -0.4999884431146313, -0.5686784431838365, 0.15873688032764455]"
71,471362,7.916,5.68733811378479,5.881679654121399,5.915917158126831,0.10801108181476593,"[-0.46664607524871826, 0.5252696871757507, 0.2688501477241516, 0.30593040585517883, 0.3951161801815033, 0.2146715521812439, 0.2736785113811493, -0.43716949224472046, 0.568306028842926]",5.357718467712402,5.673875212669373,5.777039527893066,0.0595063753426075,"[-0.34237614274024963, 0.2755200266838074, 0.3750050961971283, 0.5455806255340576, 0.1366512030363083, 0.12462463229894638, 0.24619336426258087, -0.0013324543833732605, 0.31495916843414307]","[-0.9666277483419854, 0.07889784763128493, -0.7022801819144622, 0.017350808768254566, -0.7472304808987564, 0.3788094554996766, -0.4756676913999107, -0.14592227899947385]"
72,779200,7.914285714285715,6.2621623277664185,6.19458794593811,6.160410046577454,0.5534164309501648,"[0.004703536629676819, 0.3046511709690094, 0.03623528033494949, 0.441610187292099, 0.009903699159622192, 0.1674439013004303, 0.19300532341003418, -0.20868203043937683, 0.14491404592990875]",6.024812459945679,5.540472865104675,5.528121590614319,0.41144782304763794,"[-0.1021311804652214, 0.29251572489738464, -0.20528823137283325, 0.28907713294029236, -0.07544085383415222, 0.11206407099962234, 0.12947537004947662, -0.16869938373565674, -0.09406831860542297]","[-0.9451841126505698, -0.9999202860899412, -0.726603417547599, 0.0072368184326372376, 0.2697105308921828, -0.8500646561691148, -0.13506647911437786, 0.8986186989904508]"
73,919182,7.911764705882353,5.916506052017212,6.299680471420288,6.298860311508179,0.6069341897964478,"[0.10719552636146545, 0.18732772767543793, 0.13341939449310303, -0.006632357835769653, 0.2913525402545929, 0.3858878016471863, 0.1245298832654953, 0.469310998916626, -0.21279369294643402]",5.752650499343872,5.859231948852539,5.935635566711426,0.7178062200546265,"[0.5064396262168884, -0.7634159922599792, 1.9897303581237793, -0.07620520889759064, -0.22303515672683716, 0.138788640499115, 0.4334332346916199, 0.9695847034454346, -0.2910439372062683]","[0.08230550303887663, 0.878548083218625, -0.04112435907953582, -0.9144704975455098, -0.127337522534541, 0.9091463182295394, 0.215993106728815, 0.540869539961246]"
74,218759,7.90650406504065,5.750465393066406,5.978180170059204,5.857138633728027,0.30466288328170776,"[-0.014242753386497498, 0.4196668267250061, -0.03328303247690201, 0.276632696390152, 0.4737456440925598, 0.2306429147720337, 0.1380368024110794, -0.25305041670799255, 0.242008775472641]",5.325538516044617,5.15547513961792,5.181633234024048,0.4837864339351654,"[-0.3886866271495819, 0.5902461409568787, -0.1698259711265564, 0.09068724513053894, 0.5080090761184692, 0.11132919043302536, 0.11395362764596939, -0.4304177761077881, 0.2791818678379059]","[-0.40611596864579647, -0.8809897813152678, 0.5063911053062486, 0.5861327705241923, 0.2473960901051202, -0.04014001245685983, -0.1882334229472189, 0.9071273896612886]"
75,96222,7.901234567901234,5.74849009513855,5.810319185256958,5.866801142692566,0.30949556827545166,"[0.043569937348365784, 0.11286073923110962, 0.15504008531570435, -0.03712695837020874, 0.2003890872001648, 0.38852566480636597, 0.1223364919424057, 0.13356509804725647, 0.05399836599826813]",5.3775763511657715,5.218794941902161,5.290848612785339,0.2310173511505127,"[-0.1716286838054657, 0.2711396813392639, -0.4014556407928467, -0.265519917011261, 0.01607280969619751, 0.2851288914680481, 0.06836987286806107, -0.1531636118888855, -0.034233301877975464]","[-0.593920559300777, -0.1830582351692609, 0.2093637132326105, -0.46929146998080906, 0.7042697847130144, -0.739531507375486, -0.2349284934632787, -0.3990395788694998]"
76,6358,7.9006849315068495,6.111892461776733,6.276408433914185,6.315540671348572,0.4261467158794403,"[0.03139167279005051, 0.4131104052066803, -0.008310295641422272, 0.14116701483726501, 0.33147937059402466, 0.3176945149898529, 0.1230555847287178, 0.3273060917854309, -0.28327175974845886]",6.096095442771912,6.075876355171204,6.107569336891174,0.49848508834838867,"[0.14114192128181458, 0.22607700526714325, 0.03358747810125351, 0.055326908826828, 0.16983017325401306, 0.35156434774398804, 0.1362975835800171, 0.46948614716529846, -0.38266491889953613]","[0.5794076704852862, -0.3683698720505775, -0.896956748443436, -0.649706640854161, 0.8302523905121357, 0.04973950363108415, 0.709863467321324, 0.6387587144388669]"
77,725844,7.895196506550218,5.7948654890060425,5.772778391838074,5.791009068489075,0.8409578800201416,"[-0.022999458014965057, -0.08051794022321701, 0.6642097234725952, 0.07363232970237732, 0.14981912076473236, -0.05596510320901871, 0.2522658705711365, -0.41727542877197266, 0.3359717130661011]",5.324869155883789,5.40490984916687,5.4042863845825195,0.753044605255127,"[-0.008225839585065842, -0.16318561136722565, 0.4854927361011505, -0.11839516460895538, 0.06805573403835297, -0.1272529512643814, 0.18510891497135162, -0.1304079294204712, 0.11460936069488525]","[0.5012635462460686, -0.8576043417993506, -0.7015055686926677, -0.217546209541589, -0.9601663396976685, -0.7889826267776252, 0.7705557271559977, 0.5852723728968279]"
78,375809,7.892682926829268,5.174756050109863,5.274857878684998,5.307456851005554,0.47791042923927307,"[0.049010537564754486, 0.11483398079872131, 0.45900392532348633, 0.06135857105255127, 0.36745333671569824, 0.10812797397375107, 0.2148752361536026, 0.23699548840522766, -0.11427812278270721]",5.229699015617371,5.221327543258667,5.271314382553101,0.22989821434020996,"[-0.24952906370162964, 0.469555139541626, 0.07247652113437653, 0.0610678493976593, 0.4603358507156372, 0.15569420158863068, 0.1614445149898529, -0.16021126508712769, 0.16819363832473755]","[0.20031217816409508, 0.9536476526899638, -0.8338122814370048, -0.3038000316088467, -0.34838233151685705, -0.5390958280197922, -0.11043697995650281, -0.7336012059379613]"
79,426246,7.892508143322476,5.855875611305237,5.971490740776062,5.952717065811157,0.5101863145828247,"[-0.16140326857566833, 0.3029399812221527, -0.1374618411064148, 0.11522427201271057, 0.3273314833641052, -0.08650340884923935, 0.11875680834054947, 0.10141606628894806, -0.10173861682415009]",5.608090162277222,5.614867210388184,5.530071258544922,0.9809180498123169,"[-0.29536381363868713, 0.09027624130249023, 0.7255021929740906, 0.36161354184150696, -0.0005571246147155762, 0.12571419775485992, 0.18247303366661072, -0.04140182584524155, 0.041296251118183136]","[0.735601770447391, 0.9890999703715271, -0.47258099685582167, -0.9236846312891414, 0.0909930742335443, 0.9904908905120318, -0.43504341910960664, 0.6611881187141717]"
80,28248,7.89010989010989,5.487602949142456,5.887793302536011,5.9913623332977295,0.5831643342971802,"[0.0613069087266922, 0.12025056779384613, -0.18269628286361694, -0.11049504578113556, -0.023382991552352905, 0.051440365612506866, 0.14361506700515747, -0.010960958898067474, -0.08277406543493271]",4.762024283409119,4.834826588630676,4.887254238128662,0.24044570326805115,"[0.24514684081077576, 0.46910765767097473, -0.3970187306404114, 0.3324999511241913, 0.40518856048583984, 0.744495153427124, -0.033962249755859375, 0.5789065957069397, -0.8830538392066956]","[-0.6600938042437781, 0.0016871419921462572, 0.7234761386306834, 0.4012121361321894, -0.0944755873069465, -0.6289907794050746, -0.47561897977056433, -0.885830745231466]"
81,192870,7.888157894736842,5.48753559589386,5.789169669151306,5.8112335205078125,0.8467074632644653,"[0.11527717858552933, 0.12586435675621033, 0.8747905492782593, 0.2756507098674774, 0.2782299518585205, 0.33106470108032227, 0.23484958708286285, 0.9053490161895752, -0.48912596702575684]",5.6839025020599365,5.881894826889038,5.968281030654907,0.9095149040222168,"[-0.10942783206701279, 0.36787179112434387, 1.5957764387130737, 0.7078651189804077, 0.04206781089305878, 0.6339027285575867, 0.39265429973602295, 0.7950864434242249, -0.09020420908927917]","[0.6439005342386974, 0.7729087826673582, 0.16489934191889843, -0.33181586138990826, 0.09299727070237163, -0.5243769218507108, -0.654920976048653, -0.07154225980413376]"
82,613913,7.885542168674699,6.088730692863464,6.29838228225708,6.326998472213745,0.5390148162841797,"[-0.048655614256858826, 0.18003231287002563, 0.6186192631721497, -0.22550907731056213, 0.5459349155426025, 0.4083515405654907, 0.1962975114583969, -0.0926881805062294, 0.2465732991695404]",6.113547086715698,6.148976683616638,6.146944761276245,0.20459376275539398,"[0.25216495990753174, 0.08922495692968369, 0.0015342086553573608, -0.10389545559883118, 0.39683738350868225, 0.316811740398407, 0.11606067419052124, -0.056315697729587555, 0.08681091666221619]","[-0.6475403166362594, -0.22579008254124955, 0.6012066087763166, 0.043055636140746145, -0.3629042047037565, -0.7515654053148157, 0.9788971467396124, -0.633672504542613]"
83,297445,7.874055415617128,6.232260465621948,6.21023952960968,6.22491180896759,0.7206488847732544,"[-0.2600950002670288, 0.5302200317382812, -0.27109354734420776, 0.23996976017951965, 0.5292062163352966, 0.12611958384513855, 0.10784418135881424, -0.5817235112190247, 0.5238950252532959]",6.095107793807983,6.093243360519409,6.045371890068054,0.6006872057914734,"[-0.1823737621307373, 0.5662193894386292, -0.4697651267051697, 0.2073976993560791, 0.5684011578559875, 0.1193244680762291, 0.053749002516269684, -0.680117130279541, 0.2862170338630676]","[0.2647660666081202, -0.5685398089321039, -0.025308349011972764, -0.019312675625424047, -0.9238334331395244, -0.3712641872980331, 0.43357159558731495, 0.9759153482481808]"
84,103788,7.873449131513648,5.688599348068237,6.002153158187866,5.966318845748901,0.529998242855072,"[-0.49076348543167114, 0.8240472674369812, -0.4301121234893799, 0.5152766704559326, 0.2025579959154129, 0.14223675429821014, 0.07854948937892914, -0.6463460922241211, 0.7819607257843018]",5.543087124824524,5.907966494560242,5.92624306678772,0.2953825294971466,"[-0.09363924711942673, 0.45133176445961, -0.08823805302381516, 0.16274744272232056, 0.3758060038089752, 0.08721800893545151, 0.12221052497625351, -0.12645608186721802, 0.26049721240997314]","[0.7810549687165311, -0.8242815947792534, -0.18166039866859496, -0.8246523575504143, -0.40462850714074783, 0.04085874552723334, 0.7388675041698398, -0.49901001681549495]"
85,539142,7.869565217391305,5.63322901725769,5.0354403257369995,5.108329653739929,0.415959894657135,"[-0.1661551296710968, 0.16574522852897644, 0.21087956428527832, -0.054848745465278625, -0.14236879348754883, -0.02509334497153759, 0.15965597331523895, 0.2034243494272232, -0.24267275631427765]",5.418295860290527,5.102721452713013,5.273547172546387,0.15336109697818756,"[-0.10306061059236526, 0.2760428488254547, 0.2249889373779297, 0.12591376900672913, 0.2115195244550705, -0.07910449057817459, 0.12123148888349533, -0.016478784382343292, 0.058937087655067444]","[0.778775422869151, 0.6247680401296016, 0.9282400001115594, 0.07321762845390323, 0.996316498389711, -0.6919600787800122, -0.6530975754239587, -0.3309766878210134]"
86,81132,7.868020304568528,5.523545742034912,5.642622709274292,5.686157941818237,0.14782752096652985,"[0.17408695816993713, 0.2945621609687805, 0.1428445279598236, 0.1271408200263977, 0.309022456407547, 0.40803879499435425, 0.15526065230369568, 0.1269112229347229, -0.2526530623435974]",5.500679016113281,5.963050127029419,5.936976671218872,0.1553410440683365,"[0.28294163942337036, 0.007775988429784775, -0.016248703002929688, -0.0027006566524505615, 0.21000608801841736, 0.2264357954263687, 0.10893505811691284, -0.10873808711767197, -0.27214905619621277]","[-0.9394010552085805, 0.03445680734570877, 0.5658615713649309, -0.4176079360549776, -0.9108277799778663, -0.846348743209751, 0.7034120648813318, 0.6862642241186363]"
87,508146,7.867704280155642,5.862070322036743,5.623927116394043,5.665486454963684,0.4079173505306244,"[-0.08920010179281235, 0.21266794204711914, -0.24394533038139343, 0.06059727072715759, -0.026056617498397827, 0.07271438837051392, 0.1608721762895584, -0.11595309525728226, 0.16180428862571716]",5.8706361055374146,5.772042274475098,5.841006636619568,0.8471003174781799,"[-0.13188976049423218, 0.42512020468711853, 0.07404229789972305, 0.44579264521598816, -0.025622010231018066, 0.3489620089530945, 0.19383031129837036, 0.13651487231254578, -0.31701457500457764]","[0.8309040290143159, 0.8512764866232183, -0.1834980973869258, -0.5828443317717131, -0.6170151300005609, 0.020126106705565583, -0.13439710059440646, 0.6454532627216885]"
88,780373,7.865306122448979,5.569257736206055,5.969796180725098,5.969364643096924,0.41268688440322876,"[-0.15726828575134277, 0.1419234275817871, 0.4967895746231079, 0.1705167591571808, 0.05761605501174927, -0.09212780743837357, 0.21660611033439636, 0.3319411873817444, 0.21472787857055664]",5.0848376750946045,5.290172696113586,5.2693110704422,0.4051229655742645,"[-0.12726086378097534, 0.2662380337715149, 0.39304953813552856, 0.18810728192329407, 0.3389533758163452, 0.11249097436666489, 0.19031673669815063, 0.2865796685218811, -0.1297997236251831]","[0.4100408376553908, -0.09827885854329299, -0.8870217889033305, -0.5351317648166551, 0.8858634661966238, 0.8622253099552253, -0.582967469816905, 0.46770702645075524]"
89,602492,7.865079365079365,5.582360625267029,6.403806805610657,6.451157927513123,0.25548455119132996,"[-0.330107718706131, 0.7170093655586243, -0.3555682897567749, 0.11729276180267334, 0.44609659910202026, 0.4234464168548584, 0.09421473741531372, -0.358085036277771, 0.11738698184490204]",5.336548089981079,5.307295322418213,5.22613525390625,0.20148135721683502,"[-0.5373905301094055, 0.7010824084281921, -0.035838402807712555, 0.250167578458786, 0.1578989028930664, 0.1655701994895935, 0.14617983996868134, 0.0608820915222168, 0.029522716999053955]","[0.8013786973759702, -0.8079841830877088, 0.9528657689176332, -0.6434140430455952, -0.5932792394783226, 0.4249580168243525, -0.0005075687319824329, 0.7510059467811814]"
90,270953,7.863945578231292,4.967407286167145,5.049349069595337,5.123714208602905,0.24365247786045074,"[0.27129101753234863, -0.07930359244346619, -0.13044288754463196, -0.13776856660842896, 0.2931302785873413, 0.04702083766460419, 0.10373914241790771, -0.05352061241865158, 0.21110180020332336]",4.784604907035828,5.190557837486267,5.255988836288452,0.08771322667598724,"[-0.5541765689849854, 0.9671549797058105, -0.887938380241394, 0.15474310517311096, 0.5804262161254883, 0.4341098964214325, -0.04331740736961365, -0.4691386818885803, 0.3106708824634552]","[0.437266950416884, -0.7885345890259507, 0.8454378057014014, 0.48919074519781525, -0.9564586538681417, -0.9209427119884743, 0.6229589560512323, 0.29554162661226724]"
91,703069,7.861538461538461,5.600556135177612,5.347985029220581,5.337459444999695,0.08686110377311707,"[-0.5422458648681641, 0.6525236964225769, -0.6553922891616821, 0.05020856857299805, 0.6365355253219604, -0.173843115568161, 0.09300114214420319, -0.2969950735569, 0.48465055227279663]",5.34263014793396,5.334194898605347,5.37367045879364,0.024849820882081985,"[0.1741962432861328, 0.23317302763462067, -0.3964417576789856, 0.14215746521949768, 0.5357034206390381, 0.08389696478843689, 0.14398036897182465, -0.14150512218475342, 0.3498426079750061]","[-0.36154238197250566, -0.14056481932870102, -0.9760963932636788, -0.029657111541329995, 0.03337774314452102, 0.5303623621154698, 0.9602662524400467, -0.07602033467122515]"
92,271660,7.860986547085202,5.814606547355652,6.410975456237793,6.406155824661255,0.014183076098561287,"[-0.12442373484373093, 0.677890419960022, -0.563351035118103, -0.18620075285434723, 0.9316400289535522, 0.3522775173187256, 0.052428290247917175, 0.6349498629570007, -0.9354508519172668]",5.111207365989685,5.358370542526245,5.335710048675537,0.3966025412082672,"[-0.9138628840446472, 1.1779528856277466, -0.3116227984428406, 0.26531925797462463, 0.5549106001853943, 0.4678936004638672, 0.05702239274978638, 0.517656147480011, -0.00047898292541503906]","[0.45854917648073834, -0.27699984766373187, 0.6802989026569515, 0.47471065313054184, 0.9107893267628242, 0.13871964018900362, -0.5501621765841791, -0.8163986361773512]"
93,271488,7.857142857142857,5.498201847076416,5.8853161334991455,5.951347351074219,0.3020717203617096,"[-0.4791540503501892, 0.8249042630195618, -0.07073348015546799, 0.6330852508544922, 0.34916195273399353, 0.38505321741104126, 0.11711353063583374, 0.24459335207939148, -0.17980557680130005]",5.383402705192566,5.891700983047485,5.839325189590454,0.5581881403923035,"[-0.16718867421150208, 0.27047625184059143, 0.3001877963542938, 0.2870180308818817, 0.22506976127624512, -0.03193355351686478, 0.1613321155309677, 0.3950904309749603, -0.2076704502105713]","[0.6996089907511409, 0.41962181009454924, -0.13353408119697585, 0.7379566920469707, -0.6471600911396302, -0.09556340300365807, 0.2109438303265394, -0.8266217857263269]"
94,886768,7.854771784232365,6.071547269821167,6.088295578956604,6.100178956985474,0.7445521354675293,"[-0.003282785415649414, -0.10142762959003448, 0.3671383261680603, -0.07666322588920593, -0.021329104900360107, -0.21236932277679443, 0.23460882902145386, -0.23608455061912537, 0.4657958745956421]",5.642585754394531,5.82699179649353,5.822626948356628,0.2794012427330017,"[-0.18374517560005188, -0.042992398142814636, 0.2645944654941559, -0.27094048261642456, 0.03415276110172272, 0.03371375799179077, 0.2369980812072754, 0.28475815057754517, 0.09883362054824829]","[-0.22562189062930282, -0.4425960018407584, 0.10310219304834445, -0.8732859819334127, 0.49236798168902096, 0.49935632324682366, 0.8967539687418116, 0.8957123304979633]"
95,600119,7.8544303797468356,5.841405987739563,6.13207221031189,6.177128553390503,0.30650684237480164,"[-0.2486252784729004, 0.1847473382949829, 0.8397719860076904, 0.06394541263580322, 0.20809854567050934, 0.19862233102321625, 0.23562240600585938, 0.41743898391723633, 0.25252097845077515]",5.23949921131134,5.57901918888092,5.657473802566528,0.13601867854595184,"[-0.020166367292404175, -0.03304070234298706, 1.1251903772354126, 0.06481260061264038, 0.36212924122810364, 0.08113747835159302, 0.2873140573501587, 0.7337551116943359, 0.24343428015708923]","[-0.5919565584362048, 0.847182240250542, -0.8732547905772705, 0.7762024846393016, -0.3152646595464341, -0.9136686081432106, 0.24556508392791598, 0.7107626592568532]"
96,13873,7.853881278538813,5.546189546585083,6.045590043067932,6.001555323600769,0.24109457433223724,"[-0.30299484729766846, 0.38474199175834656, -0.16301876306533813, -0.1561373472213745, 0.11110278964042664, 0.14223095774650574, 0.15603791177272797, 0.2812110483646393, -0.07208982855081558]",5.409563779830933,5.973334312438965,5.979692339897156,0.42285236716270447,"[-0.36821895837783813, 0.5496569275856018, 0.04980136454105377, 0.14239579439163208, 0.2326621115207672, 0.24064791202545166, 0.17719626426696777, -0.5562227368354797, 0.4819250702857971]","[-0.8061114054461385, -0.20900571419870406, -0.8160555836794454, 0.9876343640645286, 0.12412347397922874, 0.5343011230377046, -0.9648644017913781, 0.38069109545930835]"
97,949475,7.8530805687203795,5.87726891040802,5.964123606681824,5.965574383735657,0.533903956413269,"[0.10294662415981293, 0.05526411533355713, 1.3344789743423462, 0.04410660266876221, 0.17096827924251556, 0.32710686326026917, 0.36541709303855896, 0.24562421441078186, 0.043088383972644806]",4.877006411552429,4.59507942199707,4.621926844120026,0.49818360805511475,"[-0.1265650987625122, 0.6022439002990723, 0.4185106158256531, 0.4508688747882843, 0.5444347858428955, 0.22726507484912872, 0.17186599969863892, 0.2660275995731354, -0.0015137679874897003]","[-0.3931353984208912, -0.6990032674500974, 0.4655552864948609, -0.2264044956550375, 0.21717668748783847, 0.17484492030774623, -0.10746661245525901, 0.01599788925696144]"
98,801160,7.849246231155779,5.329221487045288,5.798459053039551,5.832899808883667,0.4594101011753082,"[-0.07922393828630447, 0.37397560477256775, -0.16115429997444153, 0.25314924120903015, 0.2342151552438736, 0.17695297300815582, 0.11137893795967102, -0.1850026547908783, -0.0258139967918396]",5.357205271720886,5.988524556159973,6.0077351331710815,0.45471706986427307,"[-0.07479114085435867, 0.40157076716423035, -0.042803652584552765, 0.3893761932849884, 0.19289575517177582, 0.0869537740945816, 0.14035753905773163, -0.0946287289261818, -0.09269804507493973]","[0.6621271738453907, -0.2890832179805505, -0.6119699674458066, -0.3387206813321717, 0.14547038495301678, -0.949786509037658, 0.5089247160455224, 0.40954489029991437]"
99,107969,7.848484848484849,5.966849327087402,5.536929368972778,5.521367788314819,0.5456035137176514,"[-0.2090330719947815, 0.5952244400978088, 0.5127035975456238, 0.4932086169719696, 0.15365280210971832, 0.357227087020874, 0.20787891745567322, 0.08018804341554642, -0.13979695737361908]",5.551618337631226,4.838895201683044,4.918726980686188,0.32883307337760925,"[-0.4672963619232178, 0.6907828450202942, -0.24970614910125732, 0.04402279853820801, 0.31150710582733154, -0.024027345702052116, 0.128010094165802, -0.407694935798645, 0.43338966369628906]","[-0.46042052200054995, -0.4904324736803982, 0.3831773189965979, 0.9817245004808199, 0.9435110774840165, -0.10289672630265834, 0.4162232770778267, 0.5182485075454155]"
